name	description	cloneof	year	players	ctrltype	manufacturer	category	orientation	ctrltype2	joyways	buttons
1080 Avalanche	1080 Avalanche		2003	1	analog	Nintendo	console	horizontal			
1080 Snowboarding (Europe) (En,Ja,Fr,De)	1080 Snowboarding (Europe) (En,Ja,Fr,De)		1998	1	analog	Nintendo	console	horizontal			
10yard	10-Yard Fight		1983	2	8 way	Irem	arcade	horizontal	joy	8	2
1941	1941: Counter Attack		1990	2	8 way	Capcom	arcade	vertical	joy	8	2
1942	1942		1984	2	8 way	Capcom	arcade	vertical	joy	8	2
1943	1943 1: The Battle of Midway		1987	2	8 way	Capcom	arcade	vertical	joy	8	2
1943kai	1943 Kai: Midway Kaisen		1987	2	8 way	Capcom	arcade	vertical	joy	8	2
1944	1944: The Loop Master		2000	2	8 way	Capcom	arcade	horizontal	joy	8	2
19xx	19XX: The War Against Destiny		1996	2	8 way	Capcom	arcade	vertical	joy	8	2
2020bb	2020 Super Baseball		1991	2	8 way	Neo Geo	arcade	horizontal	joy	8	4
3wonders	3 Wonders		1991	2	8 way	Capcom	arcade	horizontal	joy	8	3
64street	64th. Street - A Detective Story		1991	2	8 way	Jaleco	arcade	horizontal	joy	8	2
720	720 Degrees		1986	1	analog	Atari	arcade	horizontal	stick+dial		2
abcop	A.B. Cop		1990	1	analog	SEGA	arcade	horizontal	paddle+pedal		1
aburner2	After Burner 2		1987	1	analog	SEGA	arcade	horizontal	stick		2
acedrvrw	Ace Driver: Racing Evolution		1994	2	8 way	Namco	arcade	horizontal			
actfancr	Act-Fancer Cybernetick Hyper Weapon		1989	2	8 way	Data East	arcade	horizontal	joy	8	2
aerofgt	Aero Fighters 1		1992	2	8 way	Video System Co.	arcade	vertical	joy	8	2
afighter	Action Fighter		1986	2	8 way	SEGA	arcade	vertical	joy	8	3
After Burner Climax	After Burner Climax		2006	1	analog	SEGA	arcade	horizontal			
agallet	Air Gallet		1996	2	8 way	Gazelle (Banpresto license)	arcade	vertical	joy	8	3
airass	Air Assault		1993	2	8 way	Irem	arcade	vertical	joy	8	3
airwolf	Airwolf		1987	2	8 way	Kyugo	arcade	horizontal	joy	8	2
ajax	Ajax		1987	2	8 way	Konami	arcade	vertical	joy	8	3
akatana	Akai Katana		2008	2	8 way	Cave	arcade	horizontal			
Aladdin	Aladdin		1993	1	8 way	Nintendo	console	horizontal			
AladdinMD	AladdinMD		1993	1	8 way	SEGA	console	horizontal			
alien3	Alien3: The Gun		1993	2	lightgun	SEGA	arcade	horizontal	stick		2
aliens	Aliens		1990	2	8 way	Konami	arcade	horizontal	joy	8	2
aliensyn	Alien Syndrome		1987	2	8 way	SEGA	arcade	horizontal	joy	8	3
alpham2	Alpha Mission 2		1991	2	8 way	Neo Geo	arcade	horizontal	joy	8	4
alpine	Alpine Ski		1982	2	4 way	Taito	arcade	vertical	joy	2	1
altbeast	Altered Beast (set 8)		1988	2	8 way	SEGA	arcade	horizontal	joy	8	3
amidar	Amidar		1982	2	4 way	Konami	arcade	vertical	joy	4	1
anteater	Anteater		1982	1	4 way	Tago Electronics	arcade	vertical	joy	4	1
aodk	Aggressors of Dark Kombat		1994	2	8 way	Neo Geo	arcade	horizontal	joy	8	4
aof	Art of Fighting 1		1992	2	8 way	Neo Geo	arcade	horizontal	joy	8	4
aof2	Art of Fighting 2		1994	2	8 way	Neo Geo	arcade	horizontal	joy	8	4
aof3	Art of Fighting 3: The Path of the Warrior		1996	2	8 way	Neo Geo	arcade	horizontal	joy	8	4
apb	APB: All Points Bulletin		1987	1	analog	Atari	arcade	vertical	dial+pedal		2
arabian	Arabian		1983	2	8 way	Sun Electronics	arcade	vertical	joy	8	1
archrivl	Arch Rivals		1989	2	analog	Midway	arcade	horizontal	stick		2
area51	Area 51		1996	2	lightgun	Atari	arcade	horizontal	lightgun		1
arkanoid	Arkanoid 1		1986	2	analog	Taito	arcade	vertical	dial		1
arknoid2	Arkanoid 2: Revenge of DOH		1987	2	analog	Taito	arcade	vertical	dial		1
armwar	Armored Warriors		1994	3	8 way	Capcom	arcade	horizontal	joy	8	3
ashura	Ashura Blaster		1990	2	8 way	Taito	arcade	vertical	joy	8	2
assault	Assault		1988	2	twin stick	Namco	arcade	vertical	doublejoy	4	1
astdelux	Asteroids 2 Deluxe		1980	1	4 way	Atari	arcade	horizontal	only_buttons		5
asterix	Asterix		1992	2	8 way	Konami	arcade	horizontal	joy	8	2
asteroid	Asteroids 1		1979	1	buttons only	Atari	arcade	horizontal	only_buttons		5
astorm	Alien Storm (World, 2 Players)		1990	2	8 way	SEGA	arcade	horizontal	joy	8	3
astyanax	Astyanax, The		1989	2	8 way	Jaleco	arcade	horizontal	joy	8	3
asurabld	Asura Blade: Sword of Dynasty		1998	2	8 way	Fuuki	arcade	horizontal	joy	8	3
asurabus	Asura Buster: Eternal Warriors		2001	2	8 way	Fuuki	arcade	horizontal	joy	8	3
atetris	Tetris		1988	2	4 way	Atari	arcade	horizontal	joy	3 (half4)	1
athena	Athena		1986	2	8 way	SNK	arcade	horizontal	joy	8	2
avengers	Avengers		1987	2	8 way	Capcom	arcade	vertical	joy	8	2
avsp	Alien vs. Predator		1994	3	8 way	Capcom	arcade	horizontal	joy	8	3
Axelay	Axelay		1992	1	8 way	Nintendo	console	horizontal			
baddudes	Bad Dudes vs. Dragonninja		1988	2	8 way	Data East	arcade	horizontal	joy	8	2
bagman	Bagman		1982	2	4 way	Valadon Automation	arcade	vertical	joy	4	1
bakutotu	Bakutotsu Kijuutei		1988	2	8 way	Namco	arcade	horizontal	joy	8	3
bankp	Bank Panic		1984	2	4 way	SEGA	arcade	horizontal	joy	2	3
baraduke	Baraduke	aliensec	1985	2	8 way	Namco	arcade	horizontal	joy	8	1
batcir	Battle Circuit		1997	4	8 way	Capcom	arcade	horizontal	joy	8	2
batmanfr	Batman Forever		1996	2	8 way	Acclaim	arcade	horizontal	joy	8	3
batrider	Armed Police Batrider (Europe)		1998	2	8 way	Raizing	arcade	vertical	joy	8	3
batsugunsp	Batsugun: Special Version	batsugun	1993	2	8 way	Toaplan	arcade	vertical	joy	8	3
battlera	Battle Rangers		1988	2	8 way	Data East	arcade	horizontal	joy	8	3
bayroute	Bay Route (set 3, World)		1989	2	8 way	SEGA	arcade	horizontal	joy	8	3
bbakraid	Battle Bakraid: Unlimited Version (USA)		1999	2	8 way	Raizing	arcade	vertical	joy	8	3
bbmanw	Bomber Man World		1992	4	4 way	Irem	arcade	horizontal	joy	4	2
bbusters	Beast Busters		1989	3	lightgun	SNK	arcade	horizontal	lightgun		2
bchopper	Battle Chopper		1987	2	8 way	Irem	arcade	horizontal	joy	8	4
berzerk	Berzerk		1980	2	8 way	Stern Electronics	arcade	horizontal	joy	8	1
bgaregga	Battle Garegga (Europe)		1996	2	8 way	Raizing	arcade	vertical	joy	8	3
bigkarnk	Big Karnk		1991	2	8 way	Gaelco	arcade	horizontal	joy	8	2
bioatack	Bio Attack		1983	2	8 way	Taito	arcade	vertical	joy	8	1
biomtoy	Biomechanical Toy		1995	2	8 way	Gaelco / Zeus	arcade	horizontal	joy	8	2
bionicc	Bionic Commando		1987	2	8 way	Capcom	arcade	horizontal	joy	8	2
bioship	Bio-ship Paladin		1990	2	8 way	UPL (American Sammy license)	arcade	horizontal	joy	8	2
bjourney	Blue's Journey		1990	2	8 way	Neo Geo	arcade	horizontal	joy	8	4
blazstar	Blazing Star		1998	2	8 way	Neo Geo	arcade	horizontal	joy	8	4
blitz	NFL Blitz 1997		1997	2	8 way	Midway	arcade	horizontal	joy+stick	8	3
blitz2k	NFL Blitz 2000 Gold Edition		1999	4	8 way	Midway	arcade	horizontal	joy+stick	8	3
blitz99	NFL Blitz 1999		1998	4	8 way	Midway	arcade	horizontal	joy+stick	8	3
blkheart	Black Heart		1991	2	8 way	UPL	arcade	horizontal	joy	8	2
blktiger	Black Tiger		1987	2	8 way	Capcom	arcade	horizontal	joy	8	2
blockhl	Block Hole		1989	2	4 way	Konami	arcade	horizontal	joy	4	3
blockout	Block Out		1989	2	8 way	Technos	arcade	horizontal	joy	8	4
bloodbro	Blood Bros.		1990	2	8 way	TAD Corporation	arcade	horizontal	joy	8	3
bloodstm	Blood Storm		1994	2	8 way	Strata / Incredible Technologies	arcade	horizontal	joy	8	5
blstroid	Blasteroids		1987	2	analog	Atari	arcade	horizontal	dial		4
bluehawk	Blue Hawk		1993	2	8 way	Dooyong	arcade	vertical	joy	8	2
bmaster	Blade Master		1991	2	8 way	Irem	arcade	horizontal	joy	8	2
bnj	Bump 'n' Jump	brubber	1982	2	8 way	Data East	arcade	vertical	joy	8	1
bnzabros	Bonanza Bros		1990	2	8 way	SEGA	arcade	horizontal	joy	8	3
bombjack	Bomb Jack		1984	2	8 way	Tehkan	arcade	vertical	joy	8	1
bonkadv	Bonks Adventure		1994	2	8 way	Kaneko	arcade	horizontal	joy	8	4
bonzeadv	Bonze Adventure		1988	2	8 way	Taito	arcade	horizontal	joy	8	2
boogwing	Boogie Wings		1992	2	8 way	Data East	arcade	horizontal	joy	8	3
Border Down	Border Down		2003	1	analog	SEGA	console	horizontal			
bosco	Bosconian: Star Destroyer		1981	2	8 way	Namco	arcade	horizontal	joy	8	1
bouldash	Boulder Dash / Boulder Dash Part 2		1990	2	4 way	Data East	arcade	horizontal	joy	4	2
brapboys	B.Rap Boys		1992	3	8 way	Kaneko	arcade	horizontal	joy	8	2
breakrev	Breakers Revenge		1998	2	8 way	Neo Geo	arcade	horizontal	joy	8	4
brkthru	Break Thru		1986	2	8 way	Data East	arcade	horizontal	joy	8	2
brvblade	Brave Blade		2000	4	8 way	Raizing	arcade	vertical	joy	8	3
bstars2	Baseball Stars 2		1992	2	8 way	Neo Geo	arcade	horizontal	joy	8	4
btime	Burger Time		1982	2	4 way	Data East	arcade	vertical	joy	4	1
btoads	Battletoads		1994	3	8 way	Rare / Electronic Arts	arcade	horizontal	joy	8	2
bubblem	Bubble Bobble 3 : Bubble Memories		1995	4	8 way	Taito	arcade	horizontal	joy+dial	8	4
bubbles	Bubbles		1982	1	8 way	Williams	arcade	horizontal	joy	8	
bublbob2	Bubble Bobble 2		1994	4	8 way	Taito	arcade	horizontal	joy+dial	8	4
bublboblr	Bubble Bobble 1	bublbobl	1986	2	4 way	Taito	arcade	horizontal	joy	2	2
bublcave	Bubble Bobble 1 Lost Cave	bublbobl	2013	2	4 way	hack (Bisboch and Aladar)	arcade	horizontal	joy	2	2
buckrog	Buck Rogers: Planet of Zoom		1982	1	8 way	SEGA	arcade	horizontal	joy+pedal	8	3
bucky	Bucky O'Hare		1992	4	8 way	Konami	arcade	horizontal	joy	8	3
buggyboyjr	Buggy Boy Junior/Speed Buggy	buggyboy	1986	1	analog	Tatsumi	arcade	horizontal	dial+pedal		1
bwidow	Black Widow		1982	1	twin stick	Atari	arcade	horizontal	doublejoy	8	
bzone	Battle Zone		1980	1	twin stick	Atari	arcade	horizontal	doublejoy	vertical2	1
cabal	Cabal		1988	2	8 way	TAD Corporation	arcade	horizontal	joy	8	3
cadash	Cadash		1989	2	8 way	Taito	arcade	horizontal	joy	8	2
calibr50	Caliber 50		1989	2	8 way	Seta	arcade	vertical	joy+dial	8	2
Capcom vs SNK 2	Capcom vs SNK 2		2001	2	8 way	Capcom	arcade	horizontal			
captaven	Captain America & The Avengers		1991	4	8 way	Data East	arcade	horizontal	joy	8	2
captcomm	Captain Commando		1991	4	8 way	Capcom	arcade	horizontal	joy	8	2
carnevil	CarnEvil		1998	2	lightgun	Midway	arcade	horizontal	lightgun		2
carnival	Carnival		1980	1	4 way	SEGA	arcade	vertical	joy	2	1
Castlevania - Symphony of the Night	Castlevania - Symphony of the Night		1990	1	8 way	Other	console	horizontal			
Castlevania Bloodlines	Castlevania Bloodlines		1994	1	8 way	SEGA	console	horizontal			
cawing	Carrier Air Wing		1990	2	8 way	Capcom	arcade	horizontal	joy	8	3
ccastles	Crystal Castles		1983	2	trackball	Atari	arcade	horizontal	trackball		3
cclimber	Crazy Climber		1980	2	twin stick	Nichibutsu	arcade	horizontal	doublejoy	8	
centiped	Centipede		1980	1	trackball	Atari	arcade	vertical	joy+trackball	8	1
centiped3	Centipede	centiped	1980	2	trackball	Atari	arcade	vertical	joy+trackball	8	1
chasehq	Chase H.Q.		1988	1	analog	Taito	arcade	horizontal	dial+paddle		4
chelnov	Chelnov: Atomic Runner		1988	2	8 way	Data East	arcade	horizontal	joy	8	3
cheyenne	Cheyenne		1984	1	lightgun	Exidy	arcade	horizontal	lightgun		1
chiller	Chiller		1986	1	lightgun	Exidy	arcade	horizontal	lightgun		1
chimerab	Chimera Beast		1993	2	8 way	Jaleco	arcade	horizontal	joy	8	2
chopliftbl	Choplifter	choplift	1985	2	8 way	SEGA	arcade	horizontal	joy	8	2
chopper	Chopper I		1988	2	8 way	SNK	arcade	vertical	joy	8	2
chqflag	Chequered Flag		1988	1	analog	Konami	arcade	vertical	paddle+pedal		2
circusc	Circus Charlie		1984	2	4 way	Konami	arcade	vertical	joy	2	1
cischeat	Cisco Heat		1990	1	analog	Jaleco	arcade	horizontal	paddle		4
citycon	City Connection		1985	2	8 way	Jaleco	arcade	horizontal	joy	8	2
cninja	Caveman Ninja		1991	2	8 way	Data East	arcade	horizontal	joy	8	2
cobracom	Cobra-Command		1988	2	8 way	Data East	arcade	horizontal	joy	8	2
combatsc	Combat School		1988	2	8 way	Konami	arcade	horizontal	joy	8	2
Comix Zone	Comix Zone		1995	1	8 way	SEGA	console	horizontal			
commandou	Commando	commando	1985	2	8 way	Capcom	arcade	vertical	joy	8	2
congo	Congo Bongo		1983	2	8 way	SEGA	arcade	vertical	joy	8	1
contcirc	Continental Circus		1987	1	analog	Taito	arcade	horizontal	dial+paddle		3
contra	Contra		1987	2	8 way	Konami	arcade	vertical	joy	8	2
Contra Hard Corps	Contra Hard Corps		1994	2	8 way	SEGA	console	horizontal			
Contra III	Contra III		1992	2	8 way	Nintendo	console	horizontal			
cop01	Cop 01		1985	2	8 way	Nichibutsu	arcade	horizontal	joy	8	2
cosmccop	Cosmic Cop		1991	2	8 way	Irem	arcade	horizontal	joy	8	4
cosmica	Cosmic Alien		1979	2	4 way	Universal	arcade	vertical	joy	2	1
cosmogng	Cosmo Gang the Video		1991	2	8 way	Namco	arcade	vertical	joy	8	3
cotton	Cotton (set 4, World)		1991	2	8 way	SEGA	arcade	horizontal	joy	8	3
cotton2	Cotton 2		1997	4	8 way	Success	arcade	horizontal	joy	8	4
Crash Bandicoot - The Wrath of Cortex	Crash Bandicoot - The Wrath of Cortex		2002	1	analog	Nintendo	console	horizontal			
Crazy Taxi	Crazy Taxi		1999	1	analog	SEGA	arcade	horizontal	paddle+pedal		2
crimfght	Crime Fighters		1989	2	8 way	Konami	arcade	horizontal	joy	8	3
crkdown	Crack Down		1989	2	8 way	SEGA	arcade	horizontal	joy	8	3
crossbow	Crossbow		1983	1	lightgun	Exidy	arcade	horizontal	lightgun		1
crsword	Crossed Swords		1991	2	8 way	Neo Geo	arcade	horizontal	joy	8	4
crusnusa	Cruis'n USA		1994	1	analog	Midway	arcade	horizontal	paddle+pedal		8
crusnwld	Cruis'n World		1996	1	analog	Midway	arcade	horizontal	paddle+pedal		8
csclub	Capcom Sports Club		1997	2	8 way	Capcom	arcade	horizontal	joy	8	3
csilver	Captain Silver		1987	2	8 way	Data East	arcade	horizontal	joy	8	2
csprint	Championship Sprint		1986	2	analog	Atari	arcade	horizontal	dial+pedal		
ctribe	Combatribes, The		1990	3	8 way	Technos	arcade	horizontal	joy	8	3
cyberbal2p	Cyberball 2072	cyberbal	1989	2	8 way	Atari	arcade	horizontal	joy	8	1
cyberlip	Cyber-Lip		1990	2	8 way	Neo Geo	arcade	horizontal	joy	8	4
cybots	Cyberbots: Fullmetal Madness		1995	2	8 way	Capcom	arcade	horizontal	joy	8	4
cyvern	Cyvern: The Dragon Weapons		1998	2	8 way	Kaneko	arcade	vertical	joy	8	2
daioh	Daioh		1993	2	8 way	Athena	arcade	vertical	joy	8	6
darius	Darius 1		1986	2	8 way	Taito	arcade	horizontal	joy	8	2
darius2	Darius 2 (three screen)		1989	2	8 way	Taito	arcade	horizontal	joy	8	2
dariusg	Darius Gaiden - Silver Hawk		1994	4	8 way	Taito	arcade	horizontal	joy+dial	8	4
darkmist	Darkmist, The		1986	2	8 way	Taito	arcade	vertical	joy	8	2
darkseal	Dark Seal		1990	2	8 way	Data East	arcade	horizontal	joy	8	2
dassault	Desert Assault	thndzone	1991	4	8 way	Data East	arcade	horizontal	joy	8	2
dayto2pe	Daytona 2		1998	1	analog	SEGA	arcade	horizontal	paddle+pedal		8
daytona	Daytona		1994	1	analog	SEGA	arcade	horizontal	paddle+pedal		9
dbreed	Dragon Breed		1989	2	8 way	Irem	arcade	horizontal	joy	8	4
ddonpach	DoDonPachi 1		1997	2	8 way	Cave	arcade	vertical	joy	8	3
ddp2	DoDonPachi 2: Bee Storm		2001	4	8 way	IGS	arcade	vertical	joy	8	4
ddpdfk	DoDonPachi 4 Dai-Fukkatsu Ver 1.5		2008	2	8 way	Cave	arcade	vertical	joy	8	4
ddpdoj	DoDonPachi 3 Dai-Ou-Jou	ddp3	2002	2	8 way	Cave	arcade	vertical	joy	8	3
ddragon	Double Dragon 1		1987	2	8 way	Technos	arcade	horizontal	joy	8	3
ddragon2	Double Dragon 2: The Revenge		1988	2	8 way	Technos	arcade	horizontal	joy	8	3
ddribble	Double Dribble		1986	2	8 way	Konami	arcade	horizontal	joy	8	3
ddsom	Dungeons & Dragons 2 : Shadow over Mystara		1996	4	8 way	Capcom	arcade	horizontal	joy	8	4
ddtod	Dungeons & Dragons 1 : Tower of Doom		1993	4	8 way	Capcom	arcade	horizontal	joy	8	4
ddux	Dynamite Dux (set 3, World)		1988	2	8 way	SEGA	arcade	horizontal	joy	8	3
deadang	Dead Angle		1988	2	8 way	Seibu Kaihatsu	arcade	horizontal	joy	8	2
deadconx	Dead Connection		1992	4	8 way	Taito	arcade	horizontal	joy	8	2
defender	Defender		1980	1	4 way	Williams	arcade	horizontal	joy	vertical2	5
Demons Crest	Demons Crest		1994	1	8 way	Nintendo	console	horizontal			
demonwld	Demon's World / Horror Story		1990	2	8 way	Toaplan	arcade	horizontal	joy	8	3
desertbr	Desert Breaker (World)		1992	3	8 way	SEGA	arcade	vertical	joy	8	3
devilw	Devil World		1987	2	8 way	Konami	arcade	horizontal	joy	8	3
devstors	Devastators		1988	2	8 way	Konami	arcade	vertical	joy	8	2
dfkbl	DoDonPachi SaiDaiOuJou		2010	2	8 way	Cave	arcade	vertical	joy	8	4
diehard	Die Hard Arcade		1996	4	8 way	SEGA	arcade	horizontal	joy	8	4
digdug	Dig Dug		1982	2	4 way	Namco	arcade	vertical	joy	4	1
digdug2	Dig Dug II		1985	2	4 way	Namco	arcade	vertical	joy	4	2
dimahoo	Dimahoo		2000	2	8 way	Capcom	arcade	vertical	joy	8	3
dino	Cadillacs & Dinosaurs		1993	3	8 way	Capcom	arcade	horizontal	joy	8	2
djboy	DJ Boy		1989	2	8 way	Kaneko	arcade	horizontal	joy	8	3
dkong	Donkey Kong 1		1981	2	4 way	Nintendo	arcade	vertical	joy	4	1
dkong3	Donkey Kong 3		1983	2	4 way	Nintendo	arcade	vertical	joy	4	1
dkongjr	Donkey Kong 2 Junior		1982	2	4 way	Nintendo	arcade	vertical	joy	4	1
dkongx	Donkey Kong 2 : Jumpman Returns	dkong	2006	2	4 way	Nintendo	arcade	vertical	joy	4	1
dkongx11	Donkey Kong 2 : Spooky Mix	dkong	2006	2	4 way	Nintendo	arcade	vertical	joy	4	1
dmnfrnt	Demon Front		2002	4	8 way	IGS	arcade	horizontal	joy	8	4
docastle	Mr. Do's Castle		1983	2	4 way	Universal	arcade	vertical	joy	4	2
dogyuun	Dogyuun		1992	2	8 way	Toaplan	arcade	vertical	joy	8	3
dolphin	Dolphin Blue		2003	2	8 way	Sammy	arcade	horizontal	joy	8	6
Donkey Kong Country I	Donkey Kong Country I		1994	2	8 way	Nintendo	console	horizontal			
Donkey Kong Country II	Donkey Kong Country II		1995	1	8 way	Nintendo	console	horizontal			
donpachi	DoDonPachi 0 DonPachi		1995	2	8 way	Cave	arcade	vertical	joy	8	3
Doom	Doom		1993	1	analog	Other	console	horizontal			
dotron	Discs of Tron		1983	1	8 way	Midway	arcade	horizontal	joy+dial	8	4
doubledr	Double Dragon		1995	2	8 way	Neo Geo	arcade	horizontal	joy	8	4
dowild	Mr. Do's Wild Ride		1984	2	4 way	Universal	arcade	horizontal	joy	4	2
dragnblz	Dragon Blaze		2000	2	8 way	Psikyo	arcade	vertical	joy	8	3
dragngun	Dragon Gun		1993	2	lightgun	Data East	arcade	horizontal	lightgun		2
Dragons Lair	Dragons Lair		1983	1	4 way	Cinematronics	arcade	horizontal	joy	8	1
drgnbstr	Dragon Buster		1984	2	4 way	Namco	arcade	horizontal	joy	4	2
driftout	Drift Out		1991	2	8 way	Visco	arcade	vertical	joy+dial	8	2
dsaber	Dragon Saber 2		1990	2	8 way	Namco	arcade	vertical	joy	8	3
dsmbl	Deathsmiles MegaBlack Label		2008	2	8 way	Cave	arcade	horizontal	joy	8	4
dspirit	Dragon Saber 1 (new version)		1987	2	8 way	Namco	arcade	vertical	joy	8	3
dstlk	Darkstalkers: The Night Warriors		1994	2	8 way	Capcom	arcade	horizontal	joy	8	6
dynagear	Dyna Gear		1993	2	8 way	Sammy	arcade	horizontal	joy	8	3
dynduke	Dynamite Duke		1989	2	8 way	Seibu Kaihatsu	arcade	horizontal	joy	8	3
dynwar	Dynasty Wars		1989	2	8 way	Capcom	arcade	horizontal	joy	8	3
Earthworm Jim	Earthworm Jim		1994	1	8 way	SEGA	console	horizontal			
ECCO the Dolphin	ECCO the Dolphin		1992	1	8 way	SEGA	console	horizontal			
Ecco The Tides of Time	Ecco The Tides of Time		1994	1	8 way	SEGA	console	horizontal			
ecofghtr	Eco Fighters		1993	2	8 way	Capcom	arcade	horizontal	joy+dial	8	3
edrandy	Cliffhanger, The: Edward Randy		1990	2	8 way	Data East	arcade	horizontal	joy	8	2
eightman	Eight Man		1991	2	8 way	Neo Geo	arcade	horizontal	joy	8	4
elevator	Elevator Action 1		1983	2	8 way	Taito	arcade	horizontal	joy	8	2
elvactr	Elevator Action 2 Returns		1994	4	8 way	Taito	arcade	horizontal	joy+dial	8	4
empcity	Empire City: 1931		1986	2	8 way	Seibu Kaihatsu	arcade	horizontal	joy	8	2
enduror	Enduro Racer		1986	1	analog	SEGA	arcade	horizontal	stick+pedal		
eprom	Escape from the Planet of the Robot Monsters		1989	2	analog	Atari	arcade	horizontal	stick		3
esb	Star Wars 2 : Empire Strikes Back, The		1985	1	analog	Atari	arcade	horizontal	stick		4
espgal	Espgaluda 1		2003	2	8 way	Cave	arcade	vertical	joy	8	4
espgal2	Espgaluda 2		2005	2	8 way	Cave	arcade	vertical	joy	8	4
esprade	ESP Ra.De.		1998	2	8 way	Cave	arcade	vertical	joy	8	3
eswat	E-Swat: Cyber Police (set 4, World)		1989	2	8 way	SEGA	arcade	horizontal	joy	8	3
excthour	Exciting Hour	matmania	1985	2	8 way	Technos	arcade	vertical	joy	8	2
exedexes	Exed Exes		1985	2	8 way	Capcom	arcade	vertical	joy	8	2
exerion	Exerion		1983	2	8 way	Jaleco	arcade	vertical	joy	8	2
exprraid	Express Raider		1986	2	8 way	Data East	arcade	horizontal	joy	8	2
eyes	Eyes		1982	2	4 way	Techstar (Rock-Ola license)	arcade	vertical	joy	4	1
F Zero	F Zero		1990	1	8 way	Nintendo	console	horizontal			
F-Zero GX	F-Zero X GX		2003	1	analog	Nintendo	console	horizontal			
F-Zero X	F-Zero X		1998	1	analog	Nintendo	console	horizontal			
fantasyu	Fantasy		1981	2	8 way	SNK	arcade	vertical	joy	8	
fantzone	Fantasy Zone		1986	2	8 way	SEGA	arcade	horizontal	joy	8	3
fatfursp	Fatal Fury Special		1993	2	8 way	Neo Geo	arcade	horizontal	joy	8	4
fbfrenzy	Football Frenzy		1992	2	8 way	Neo Geo	arcade	horizontal	joy	8	4
ffight	Final Fight		1989	2	8 way	Capcom	arcade	horizontal	joy	8	3
fhawk	Fighting Hawk		1988	2	8 way	Taito	arcade	vertical	joy	8	2
Final Fight II	Final Fight II		1993	2	8 way	Nintendo	console	horizontal			
Final Fight III	Final Fight III		1995	2	8 way	Nintendo	console	horizontal			
finalb	Final Blow		1988	2	8 way	Taito	arcade	horizontal	joy	8	5
fireshrk	Fire Shark		1990	2	8 way	Toaplan	arcade	vertical	joy	8	2
fixeight	FixEight		1992	3	8 way	Toaplan	arcade	vertical	joy	8	2
flicky	Flicky		1984	2	4 way	SEGA	arcade	horizontal	joy	2	1
foodf2	Food Fight	foodf	1982	2	analog	Atari	arcade	horizontal	stick		1
footchmp	Football Champ		1990	4	8 way	Taito	arcade	horizontal	joy	8	2
forgottn	Forgotten Worlds		1988	2	twin stick	Capcom	arcade	horizontal	joy+dial	8	1
frogger	Frogger		1981	2	4 way	Konami	arcade	vertical	joy	4	
frontlin	Front Line		1982	2	twin stick	Taito	arcade	vertical	doublejoy	8	2
fround	Final Round, The		1988	2	8 way	Konami	arcade	horizontal	joy	8	3
fshark	Flying Shark		1987	2	8 way	Toaplan	arcade	vertical	joy	8	2
fsoccer	Fighting Soccer		1988	4	trackball	SNK	arcade	horizontal	joy+dial	8	2
futari10	Mushihime 2 -Sama Futari Ver 1.0	futari15	2006	2	8 way	Cave	arcade	vertical	joy	8	4
ga2	Golden Axe 2 : The Revenge of Death Adder		1992	4	8 way	SEGA	arcade	horizontal	joy	8	3
gaiapols	Gaiapolis		1993	4	8 way	Konami	arcade	vertical	joy	8	3
gaiden	Ninja Gaiden	shadoww	1988	2	8 way	Tecmo	arcade	horizontal	joy	8	3
galaga	Galaga 1		1981	2	4 way	Midway	arcade	vertical	joy	2	1
galaga88	Galaga 2 '88		1987	2	8 way	Namco	arcade	vertical	joy	8	3
galaxian	Galaga 0 Galaxian		1979	2	4 way	Midway	arcade	vertical	joy	2	1
galivan	Cosmo Police Galivan		1985	2	8 way	Nichibutsu	arcade	vertical	joy	8	3
gangwars	Gang Wars		1989	2	8 way	Alpha Denshi Co.	arcade	horizontal	joy	8	3
ganryu	Ganryu		1999	2	8 way	Neo Geo	arcade	horizontal	joy	8	4
gaplus	Galaga 3 Gaplus		1984	2	8 way	Namco	arcade	vertical	joy	8	1
garou	Garou: Mark of the Wolves		1999	2	8 way	Neo Geo	arcade	horizontal	joy	8	4
gaunt22p	Gauntlet 2	gaunt2	1986	4	8 way	Atari	arcade	horizontal	joy	8	2
gauntleg	Gauntlet Legends		1998	4	8 way	Atari	arcade	horizontal	joy+stick	8	3
gauntlet2p	Gauntlet 1	gauntlet	1985	4	8 way	Atari	arcade	horizontal	joy	8	2
gaxeduel	Golden Axe - The Duel		1994	2	8 way	SEGA	arcade	horizontal	joy	8	6
gberet	Green Beret		1985	2	8 way	Konami	arcade	horizontal	joy	8	2
gbusters	Gang Busters		1988	2	8 way	Konami	arcade	vertical	joy	8	2
gdarius	G-Darius	gdarius2	1997	4	8 way	Taito	arcade	horizontal	joy	8	3
gforce2	Galaxy Force 2		1988	1	analog	SEGA	arcade	horizontal	stick		2
gground	Gain Ground		1988	3	8 way	SEGA	arcade	vertical	joy	8	3
ghostb	Real Ghostbusters, The		1987	2	8 way	Data East	arcade	horizontal	joy	8	2
ghoulsu	Ghouls'n Ghosts	ghouls	1988	2	4 way	Capcom	arcade	horizontal	joy	4	2
ghoxj	Ghox	ghox	1991	2	8 way	Toaplan	arcade	vertical	joy+dial	8	2
gigawing	Giga Wing		1999	2	8 way	Capcom	arcade	horizontal	joy	8	2
gijoe	G.I. Joe		1992	4	8 way	Konami	arcade	horizontal	joy	8	3
gladiatr	Gladiator		1986	2	8 way	Taito	arcade	horizontal	joy	8	3
gloc	G-LOC Air Battle		1990	1	analog	SEGA	arcade	horizontal	stick		3
gnbarich	Gunbarich		2001	2	8 way	Psikyo	arcade	vertical	joy	8	3
gng	Ghosts'n Goblins		1985	2	8 way	Capcom	arcade	horizontal	joy	4	2
gnw_dkjr	G&W2 donkey kong jr		1982	1	buttons only	Nintendo	console	horizontal	joy	16	1
gnw_dkong	G&W1 donkey kong		1982	1	buttons only	Nintendo	console	horizontal	joy	8	1
gnw_dkong2	G&W1 donkey kong 2		1983	1	buttons only	Nintendo	console	horizontal	joy	8	1
gnw_fire	G&W2 fire		1981	1	buttons only	Nintendo	console	horizontal	joy	2	
gnw_ghouse	G&W1 green house		1982	1	buttons only	Nintendo	console	horizontal	joy	8	1
gnw_mickdon	G&W1 mickey and donald		1982	1	buttons only	Nintendo	console	horizontal	joy	8	
gnw_octopus	G&W2 octopus		1981	1	buttons only	Nintendo	console	horizontal	joy	2	
gnw_opanic	G&W1 oil panic		1982	1	buttons only	Nintendo	console	horizontal	joy	2	
gnw_pchute	G&W2 parachute		1981	1	buttons only	Nintendo	console	horizontal	joy	2	
gnw_popeye	G&W2 popeye		1981	1	buttons only	Nintendo	console	horizontal	joy	2	
gnw_stennis	G&W2 snoopys tennis		1982	1	buttons only	Nintendo	console	horizontal	joy	vertical2	1
gnw_tbridge	G&W2 turtle bridge		1982	1	buttons only	Nintendo	console	horizontal	joy	2	
GoldenEye (USA)	GoldenEye (USA)		1997	1	analog	Nintendo	console	horizontal			
goldnaxe	Golden Axe 1 (set 6, US)		1989	2	8 way	SEGA	arcade	horizontal	joy	8	3
gorf	Gorf		1981	2	8 way	Midway	arcade	vertical	joy	8	1
gpilots	Ghost Pilots		1991	2	8 way	Neo Geo	arcade	horizontal	joy	8	4
gprider	GP Rider		1990	2	analog	SEGA	arcade	horizontal	paddle+pedal		2
gradius	Gradius 1	nemesis	1985	2	8 way	Konami	arcade	horizontal	joy	8	3
gradius2	Gradius 2: GOFER no Yabou	vulcan	1988	2	8 way	Konami	arcade	horizontal	joy	8	3
gradius3	Gradius 3		1989	2	8 way	Konami	arcade	horizontal	joy	8	3
gravitar	Gravitar		1982	1	4 way	Atari	arcade	horizontal	joy	2	3
grdians	Guardians		1995	2	8 way	Winkysoft (Banpresto license)	arcade	horizontal	joy	8	3
groundfx	Ground Effects		1992	1	analog	Taito	arcade	horizontal	stick		3
growl	Growl		1990	4	8 way	Taito	arcade	horizontal	joy	8	3
gt2k	Golden Tee 2K		2000	2	trackball	Incredible Technologies	arcade	horizontal	trackball		2
gtfore06	Golden Tee Fore! 2006 Complete		2005	1	trackball	Incredible Technologies	arcade	horizontal	lightgun+trackball		4
gtmr2	Great 1000 Miles Rally 2 : Mille Miglia 2		1995	2	8 way	Kaneko	arcade	horizontal	joy+dial	8	8
gtmrusa	Great 1000 Miles Rally 1: U.S.A Version!	gtmr	1994	2	8 way	Kaneko	arcade	horizontal	joy+dial	8	2
guardian	Guardians of the 'Hood		1992	3	8 way	Atari	arcade	horizontal	joy	8	5
gunbird	Gunbird 1		1994	2	8 way	Psikyo	arcade	vertical	joy	8	3
gunbird2	Gunbird 2		1998	2	8 way	Psikyo	arcade	vertical	joy	8	3
gundhara	Gundhara		1995	2	8 way	Banpresto	arcade	vertical	joy	8	3
gunforc2	Gun Force 2		1994	2	8 way	Irem	arcade	horizontal	joy	8	2
gunforce	Gun Force 1 : Battle Fire Engulfed Terror Island		1991	2	8 way	Irem	arcade	horizontal	joy	8	2
gunlock	Gunlock		1993	4	8 way	Taito	arcade	vertical	joy+dial	8	4
gunnail	GunNail		1993	2	8 way	Tecmo	arcade	vertical	joy	8	2
gunsmoke	Gun Smoke		1985	2	8 way	Capcom	arcade	vertical	joy	8	3
Gunstar Heroes	Gunstar Heroes		1993	2	8 way	SEGA	console	horizontal			
guwange	Guwange		1999	2	8 way	Cave	arcade	vertical	joy	8	3
gwarb	Guerrilla War	gwar	1987	2	twin stick	SNK	arcade	vertical	joy+positional	8	2
gyruss	Gyruss		1983	2	4 way	Konami	arcade	vertical	joy	2	1
hangon	Hang-On		1985	1	analog	SEGA	arcade	horizontal	paddle+pedal		
hbarrel	Heavy Barrel		1987	2	twin stick	Data East	arcade	vertical	joy+positional	8	2
hcastle	Haunted Castle		1988	2	4 way	Konami	arcade	horizontal	joy	4	2
heatbrl	Heated Barrel		1992	4	8 way	TAD Corporation	arcade	horizontal	joy	8	2
hellfire	Hellfire		1989	2	8 way	Toaplan	arcade	horizontal	joy	8	2
hharry	Hammerin' Harry		1990	2	8 way	Irem	arcade	horizontal	joy	8	4
higemaru	Higemaru		1984	2	4 way	Capcom	arcade	horizontal	joy	4	1
hippodrm	Hippodrome		1989	2	8 way	Data East	arcade	horizontal	joy	8	2
hitice	Hit the Ice		1990	4	8 way	Taito	arcade	horizontal	joy	8	3
hook	Hook		1992	4	8 way	Irem	arcade	horizontal	joy	8	2
hotchase	Hot Chase		1988	1	analog	Konami	arcade	horizontal	paddle+pedal		2
hotdogst	Hotdog Storm		1996	2	8 way	Marble (Ace International license)	arcade	vertical	joy	8	3
hsf2	Hyper Street Fighter 2: The Anniversary Edition		2004	2	8 way	Capcom	arcade	horizontal	joy	8	6
hyperspt	Hyper Sports		1984	4	buttons only	Konami	arcade	horizontal	only_buttons		3
ibarablk	Ibara Kuro Black Label		2006	2	8 way	Cave	arcade	vertical	joy	8	4
ikari	Ikari Warriors		1986	2	twin stick	SNK	arcade	vertical	joy+positional	8	2
ikari3	Ikari Warriors 3: The Rescue		1989	2	8 way	SNK	arcade	horizontal	joy+positional	8	3
Ikaruga	Ikaruga		2001	1	8 way	SEGA	console	horizontal			
imgfight	Image Fight		1988	2	8 way	Irem	arcade	vertical	joy	8	4
indytemp	Indiana Jones & the Temple of Doom		1985	1	8 way	Atari	arcade	horizontal	joy	8	1
insectx	Insector X		1989	2	8 way	Taito	arcade	horizontal	joy	8	2
International Karate Plus	International Karate Plus		2001	1	8 way	Other	console	horizontal			
inthunt	In The Hunt		1993	2	8 way	Irem	arcade	horizontal	joy	8	2
invaders	Space Invaders 1 / Space Invaders M		1978	2	4 way	Taito	arcade	vertical	joy	2	1
invadpt2	Space Invaders 2		1979	2	4 way	Taito	arcade	vertical	joy	2	1
irobot	I, Robot		1983	1	analog	Atari	arcade	horizontal	stick		2
ironclad	Iron Clad		1996	2	8 way	Neo Geo	arcade	horizontal	joy	8	4
ironhors	Iron Horse		1986	2	4 way	Konami	arcade	horizontal	joy	4	3
irrmaze	Irritating Maze, The		1997	2	trackball	Neo Geo	arcade	horizontal	trackball+only_buttons		2
jackal	Jackal		1986	2	8 way	Konami	arcade	vertical	joy	8	2
jailbrek	Jail Break		1986	2	8 way	Konami	arcade	horizontal	joy	8	2
jdreddp	Judge Dredd		1993	3	8 way	Midway	arcade	horizontal	joy	8	4
jedi	Star Wars 3 : Return of the Jedi		1984	1	analog	Atari	arcade	horizontal	stick		3
jjsquawk	J. J. Squawkers		1993	2	8 way	Athena / Able	arcade	horizontal	joy	8	3
joemacr	Joe & Mac Returns		1994	2	8 way	Data East	arcade	horizontal	joy	8	3
jojoban	JoJo 2 no Kimyou na Bouken: Mirai e no Isan	jojoba	1999	2	8 way	Capcom	arcade	horizontal	joy	8	6
jojon	JoJo 1 Venture	jojo	1998	2	8 way	Capcom	arcade	horizontal	joy	8	6
joust	Joust 1		1982	2	4 way	Williams	arcade	horizontal	joy	2	1
joust2	Joust 2: Survival of the Fittest		1986	2	4 way	Williams	arcade	vertical	joy	2	2
jpark	Jurassic Park		1993	2	lightgun	SEGA	arcade	horizontal	stick		1
jrpacman	Jr. Pac-Man		1983	2	4 way	Midway	arcade	vertical	joy	4	
junglek	Jungle King		1982	2	8 way	Taito	arcade	horizontal	joy	8	1
junofrst	Juno First		1983	2	8 way	Konami	arcade	vertical	joy	8	3
kabukikl	Kabuki Klash		1995	2	8 way	Neo Geo	arcade	horizontal	joy	8	4
kageki	Kageki		1988	2	8 way	Taito	arcade	vertical	joy	8	2
kangaroo	Kangaroo		1982	2	8 way	Sun Electronics	arcade	vertical	joy	8	1
karnov	Karnov		1987	2	8 way	Data East	arcade	horizontal	joy	8	3
kazan	Ninja Kazan		1988	2	8 way	Jaleco	arcade	horizontal	joy	8	2
kchampvs	Karate Champ 2		1984	2	twin stick	Data East	arcade	vertical	doublejoy	4	
ket	Ketsui: Kizuna Jigoku Tachi		2002	2	8 way	Cave	arcade	vertical	joy	8	3
kicker	Kicker		1985	2	4 way	Konami	arcade	vertical	joy	4	2
kicknrun	Kick & Run		1986	4	8 way	Taito	arcade	horizontal	joy	8	2
kikcubic	Meikyu Jima		1988	2	4 way	Irem	arcade	horizontal	joy	4	2
kikikai	KiKi KaiKai		1986	2	8 way	Taito	arcade	vertical	joy	8	2
kingdmgp	Kingdom Grandprix		1994	2	8 way	Raizing	arcade	vertical	joy	8	3
kingofb	Ring King		1985	2	8 way	Woodplace Inc.	arcade	vertical	joy	8	3
kinst	Killer Instinct 1		1994	2	8 way	Nintendo	arcade	horizontal	joy	8	6
kinst2	Killer Instinct 2		1996	2	8 way	Nintendo	arcade	horizontal	joy	8	6
kizuna	Kizuna Encounter: Super Tag Battle		1996	2	8 way	Neo Geo	arcade	horizontal	joy	8	4
klax	Klax		1989	2	4 way	Atari	arcade	horizontal	joy	4	1
kncljoe	Knuckle Joe		1985	2	8 way	Taito	arcade	horizontal	joy	8	2
knights	Knights of the Round		1991	3	8 way	Capcom	arcade	horizontal	joy	8	2
kod	King of Dragons, The		1991	3	8 way	Capcom	arcade	horizontal	joy	8	2
kof2000	King of Fighters 2000, The		2000	2	8 way	Neo Geo	arcade	horizontal	joy	8	4
kof2002	King of Fighters 2002, The		2002	2	8 way	Neo Geo	arcade	horizontal	joy	8	4
kof95	King of Fighters 1995, The		1995	2	8 way	Neo Geo	arcade	horizontal	joy	8	4
kof98	King of Fighters 1998, The: The Slugfest		1998	2	8 way	Neo Geo	arcade	horizontal	joy	8	4
kof99	King of Fighters 1999, The: Millennium Battle		1999	2	8 way	Neo Geo	arcade	horizontal	joy	8	4
kotm	King of the Monsters 1		1991	2	8 way	Neo Geo	arcade	horizontal	joy	8	4
kotm2	King of the Monsters 2: The Next Thing		1992	2	8 way	Neo Geo	arcade	horizontal	joy	8	4
kov	Knights of Valour 1		1999	4	8 way	IGS	arcade	horizontal	joy	8	4
kov2	Knights of Valour 2		2000	4	8 way	IGS	arcade	horizontal	joy	8	4
kungfum	Kung-Fu Master		1984	2	8 way	Irem	arcade	horizontal	joy	8	2
kurikint	Kuri Kinton		1988	2	8 way	Taito	arcade	horizontal	joy	8	2
ladybug	Lady Bug		1981	2	4 way	Universal	arcade	vertical	joy	4	
lastbld2	Last Blade 2, The		1998	2	8 way	Neo Geo	arcade	horizontal	joy	8	4
lastduel	Last Duel		1988	2	8 way	Capcom	arcade	vertical	joy	8	2
lbowling	League Bowling		1990	2	8 way	Neo Geo	arcade	horizontal	joy	8	4
ldrun	Lode Runner		1984	2	8 way	Irem	arcade	horizontal	joy	8	2
Legend of Zelda Link to the Past	Legend of Zelda Link to the Past		1991	1	8 way	Nintendo	console	horizontal			
Legend of Zelda The Ocarina of Time	Legend of Zelda The Ocarina of Time		1998	1	analog	Nintendo	console	horizontal			
Legend Of Zelda The Wind Waker	Legend Of Zelda The Wind Waker		2002	1	analog	Nintendo	console	horizontal			
lemmings	Lemmings		1991	2	trackball	Data East	arcade	horizontal	trackball		2
lethalen	Lethal Enforcers		1992	2	lightgun	Konami	arcade	horizontal	lightgun		1
lghost	Laser Ghost		1990	3	lightgun	SEGA	arcade	horizontal	lightgun		2
lgtnfght	Lightning Fighters		1990	2	8 way	Konami	arcade	vertical	joy	8	3
lightbr	Light Bringer		1993	4	8 way	Taito	arcade	horizontal	joy+dial	8	4
liquidk	Liquid Kids		1990	2	8 way	Taito	arcade	horizontal	joy	8	2
lkage	Legend of Kage, The		1984	2	8 way	Taito	arcade	horizontal	joy	8	2
llander	Lunar Lander		1979	1	analog	Atari	arcade	horizontal	pedal		3
loderndf	Lode Runner: The Dig Fight		2000	4	8 way	Psikyo	arcade	horizontal	joy	8	3
loffire	Line of Fire		1989	2	lightgun	SEGA	arcade	horizontal	lightgun		2
loht	Legend of Hero Tonma		1989	2	8 way	Irem	arcade	horizontal	joy	8	4
lrescue	Lunar Rescue		1979	2	4 way	Taito	arcade	vertical	joy	2	1
lresort	Last Resort		1992	2	8 way	Neo Geo	arcade	horizontal	joy	8	4
ltswords	Lightning Swords		1991	2	8 way	Irem	arcade	horizontal	joy	8	4
luckywld	Lucky & Wild		1992	2	lightgun	Namco	arcade	horizontal	lightgun+paddle		1
lwings	Legendary Wings		1986	2	8 way	Capcom	arcade	vertical	joy	8	2
macross	Super Spacefortress Macross		1992	2	8 way	Banpresto	arcade	vertical	joy	8	2
macross2	Super Spacefortress Macross II		1993	2	8 way	Banpresto	arcade	horizontal	joy	8	2
macrossp	Macross Plus		1996	2	8 way	MOSS / Banpresto	arcade	vertical	joy	8	4
madgear	Mad Gear		1989	2	8 way	Capcom	arcade	vertical	joy	8	3
magdrop3	Magical Drop 3		1997	2	8 way	Neo Geo	arcade	horizontal	joy	8	4
maglord	Magician Lord		1990	2	8 way	Neo Geo	arcade	horizontal	joy	8	4
magmax	Mag Max		1985	2	8 way	Nichibutsu	arcade	horizontal	joy	8	1
mainevt	Main Event, The		1988	4	8 way	Konami	arcade	horizontal	joy	8	2
majtitl2	Major Title 2		1992	4	8 way	Irem	arcade	horizontal	joy	8	2
Manic Miner	Manic Miner		1983	1	4 way	Other	console	horizontal			
mappy	Mappy		1983	2	4 way	Namco	arcade	vertical	joy	2	1
marble	Marble Madness		1984	2	trackball	Atari	arcade	horizontal	trackball		
marblmd2	Marble Madness II		1991	3	8 way	Atari	arcade	horizontal	joy	8	1
mario	Mario Bros.		1983	2	4 way	Nintendo	arcade	horizontal	joy	2	1
Mario Golf	Mario Golf		2003	2	analog	Nintendo	console	horizontal			
Mario Kart 64	Mario Kart 64		1996	2	analog	Nintendo	console	horizontal			
Mario Kart Arcade GP	Mario Kart Arcade GP 1		2005	1	analog	Nintendo	arcade	horizontal			
Mario Kart Arcade GP 2	Mario Kart Arcade GP 2		2007	1	analog	Nintendo	arcade	horizontal			
Mario Kart Double Dash	Mario Kart Double Dash		2003	2	analog	Nintendo	console	horizontal			
Mario Power Tennis	Mario Power Tennis		2004	2	analog	Nintendo	console	horizontal			
Mario Superstar Baseball	Mario Superstar Baseball		2005	2	analog	Nintendo	console	horizontal			
martmast	Martial Masters		2001	4	8 way	IGS	arcade	horizontal	joy	8	4
Marvel vs Capcom 2	Marvel vs Capcom 2		2000	2	8 way	Capcom	arcade	horizontal	joy	8	6
matrim	Matrimelee		2003	2	8 way	Neo Geo	arcade	horizontal	joy	8	4
mazinger	Mazinger Z		1994	2	8 way	Banpresto / Dynamic Pl. Toei Animation	arcade	vertical	joy	8	3
mechatt	Mechanized Attack		1989	2	lightgun	SNK	arcade	horizontal	lightgun		2
Mega Man X1	Mega Man X1		1993	1	8 way	Nintendo	console	horizontal			
Mega Man X2	Mega Man X2		1994	1	8 way	Nintendo	console	horizontal			
megaman2	Mega Man 2: The Power Fighters		1996	2	8 way	Capcom	arcade	horizontal	joy	8	3
mercs	Mercs		1990	3	8 way	Capcom	arcade	vertical	joy	8	2
metamrph	Metamorphic Force		1993	4	8 way	Konami	arcade	horizontal	joy	8	3
metrocrs	Metro-Cross		1985	2	8 way	Namco	arcade	horizontal	joy	8	1
Metroid Prime	Metroid Prime		2002	1	8 way	Other	console	horizontal			
Metroid Prime 2	Metroid Prime 2		2004	1	8 way	Other	console	horizontal			
mhavoc	Major Havoc		1983	2	4 way	Atari	arcade	horizontal	dial+only_buttons		2
mia	Missing in Action		1989	2	8 way	Konami	arcade	horizontal	joy	8	3
midres	Midnight Resistance		1989	2	twin stick	Data East	arcade	horizontal	joy+positional	8	2
mikie	Mikie		1984	2	4 way	Konami	arcade	vertical	joy	4	2
milliped	Millipede		1982	2	trackball	Atari	arcade	vertical	joy+trackball	8	1
missile	Missile Command		1980	2	trackball	Atari	arcade	horizontal	trackball		3
mk	Mortal Kombat 1		1992	2	8 way	Midway	arcade	horizontal	joy	8	6
mk2	Mortal Kombat 2		1993	2	8 way	Midway	arcade	horizontal	joy	8	6
mk3	Mortal Kombat 3		1994	2	8 way	Midway	arcade	horizontal	joy	8	6
mk4	Mortal Kombat 5 4		1997	2	8 way	Konami	arcade	horizontal	joy	8	6
mmatrix	Mars Matrix: Hyper Solid Shooting		2000	2	8 way	Capcom	arcade	horizontal	joy	8	1
mmpork	Muchi Muchi Pork!		2007	2	8 way	Cave	arcade	vertical	joy	8	4
monsterb	Monster Bash		1982	2	4 way	SEGA	arcade	vertical	joy	4	1
moomesa	Wild West C.O.W.-Boys of Moo Mesa		1992	4	8 way	Konami	arcade	horizontal	joy	8	2
mooncrst	Moon Cresta		1980	2	4 way	Nichibutsu	arcade	vertical	joy	2	1
mpang	Mighty! Pang		2000	2	8 way	Mitchell (Capcom license)	arcade	horizontal	joy	8	1
mpatrol	Moon Patrol		1982	2	4 way	Irem	arcade	horizontal	joy	2	2
mplanets	Mad Planets		1983	1	analog	Gottlieb	arcade	vertical	joy+dial	8	2
mrdo	Mr. Do!		1982	2	4 way	Universal	arcade	vertical	joy	4	1
mrdrillr	Mr. Driller		1999	2	4 way	Namco	arcade	horizontal	joy	4	1
msh	Marvel Super Heroes		1995	2	8 way	Capcom	arcade	horizontal	joy	8	6
mshvsf	Marvel Super Heroes vs Street Fighter		1997	2	8 way	Capcom	arcade	horizontal	joy	8	6
mslug	Metal Slug 1: Super Vehicle-001		1996	2	8 way	Neo Geo	arcade	horizontal	joy	8	4
mslug2t	Metal Slug 2 Turbo (NGM-9410)	mslug2	2015	2	8 way	Neo Geo	arcade	horizontal	joy	8	4
mslug3	Metal Slug 3		2000	2	8 way	Neo Geo	arcade	horizontal	joy	8	4
mslug4	Metal Slug 4		2002	2	8 way	Neo Geo	arcade	horizontal	joy	8	4
mslug5	Metal Slug 5		2003	2	8 way	Neo Geo	arcade	horizontal	joy	8	4
mslug6	Metal Slug 6		2006	2	8 way	Neo Geo	arcade	horizontal	joy	8	6
mslugx	Metal Slug 2 X: Super Vehicle-001		1999	2	8 way	Neo Geo	arcade	horizontal	joy	8	4
mspacman	Ms. Pac-Man		1981	2	4 way	Midway	arcade	vertical	joy	4	
msword	Magic Sword: Heroic Fantasy		1990	2	8 way	Capcom	arcade	horizontal	joy	8	3
mtwins	Mega Twins		1990	2	8 way	Capcom	arcade	horizontal	joy	8	3
mushisam	Mushihime 1 -Sama		2004	2	8 way	Cave	arcade	vertical	joy	8	4
mustang	US AAF Mustang		1990	2	8 way	UPL	arcade	horizontal	joy	8	2
mutantf	Mutant Fighter		1991	2	8 way	Data East	arcade	horizontal	joy	8	2
mutnat	Mutation Nation		1992	2	8 way	Neo Geo	arcade	horizontal	joy	8	4
mvsc	Marvel vs Capcom 1 : Clash of Super Heroes		1998	2	8 way	Capcom	arcade	horizontal	joy	8	6
mwalk	Michael Jackson's Moonwalker (World)		1990	3	8 way	SEGA	arcade	horizontal	joy	8	3
myhero	My Hero		1985	2	8 way	SEGA	arcade	horizontal	joy	8	2
mysticri	Mystic Riders		1992	2	8 way	Irem	arcade	horizontal	joy	8	2
mystwarr	Mystic Warriors		1993	4	8 way	Konami	arcade	horizontal	joy	8	3
nam1975	NAM-1975		1990	2	8 way	Neo Geo	arcade	horizontal	joy	8	4
narc	Narc		1988	2	8 way	Williams	arcade	horizontal	joy	8	4
naughtyb	Naughty Boy		1982	2	4 way	Jaleco	arcade	vertical	joy	4	1
nbahangt	NBA 3 Hangtime		1996	4	8 way	Midway	arcade	horizontal	joy	8	3
nbajam	NBA 1		1993	4	8 way	Midway	arcade	horizontal	joy	8	3
nbajamte	NBA 2 TE		1994	4	8 way	Midway	arcade	horizontal	joy	8	3
nbamht	NBA 3 Hangtime	nbahangt	1996	4	8 way	Midway	arcade	horizontal	joy	8	3
nbbatman	Ninja Baseball Bat Man		1993	4	8 way	Irem	arcade	horizontal	joy	8	2
ncombat	Ninja Combat		1990	2	8 way	Neo Geo	arcade	horizontal	joy	8	4
ncommand	Ninja Commando		1992	2	8 way	Neo Geo	arcade	horizontal	joy	8	4
nebulray	Nebulas Ray		1994	4	8 way	Namco	arcade	vertical	joy	8	3
nemo	Nemo		1990	2	8 way	Capcom	arcade	horizontal	joy	8	3
neodrift	Neo Drift Out: New Technology		1996	2	8 way	Neo Geo	arcade	horizontal	joy	8	4
nibbler	Nibbler		1982	2	4 way	Rock-Ola	arcade	vertical	joy	4	
nightstr	Night Striker		1989	1	analog	Taito	arcade	horizontal	joy+stick	8	2
Ninja Warriors	Ninja Warriors		1994	2	8 way	Nintendo	console	horizontal			
ninjak	Ninja Kids, The		1990	4	8 way	Taito	arcade	horizontal	joy	8	2
ninjakd2	Ninja-Kid 2		1987	2	8 way	UPL	arcade	horizontal	joy	8	2
ninjamas	Ninja Master's: Haoh-ninpo-cho		1996	2	8 way	Neo Geo	arcade	horizontal	joy	8	4
ninjaw	Ninja Warriors		1987	2	8 way	Taito	arcade	horizontal	joy	8	2
nitd	Nightmare in the Dark		2000	2	8 way	Neo Geo	arcade	horizontal	joy	8	4
nitrobal	Nitro Ball		1992	3	8 way	Data East	arcade	vertical	joy	8	2
nrallyx	Rally X 2		1981	2	4 way	Namco	arcade	horizontal	joy	4	1
nslashers	Night Slashers	nslasher	1994	3	8 way	Data East	arcade	horizontal	joy	8	3
nspirit	Ninja Spirit		1988	2	8 way	Irem	arcade	horizontal	joy	8	4
nwarr	Night Warriors: Darkstalkers' Revenge		1995	2	8 way	Capcom	arcade	horizontal	joy	8	6
nzeroteam	Zero Team	zeroteam	1997	2	8 way	Seibu Kaihatsu	arcade	horizontal	joy	8	3
offroadt	Off-Road Track-Pak		1989	3	analog	Leland Corporation	arcade	horizontal	dial+pedal		1
openice	Open Ice Challenge		1995	4	8 way	Midway	arcade	horizontal	joy	8	3
opwolf	Operation Wolf 1		1987	1	lightgun	Taito	arcade	horizontal	lightgun		2
opwolf3	Operation Wolf 3		1994	2	lightgun	Taito	arcade	horizontal	lightgun		2
ordyne	Ordyne		1988	2	8 way	Namco	arcade	horizontal	joy	8	3
orlegend	Oriental Legend		1997	4	8 way	IGS	arcade	horizontal	joy	8	4
orunners	Out Run 2 ners		1992	2	analog	SEGA	arcade	horizontal	paddle+pedal		5
oscar	Oscar		1987	2	8 way	Data East	arcade	horizontal	joy	8	3
osman	Osman		1996	2	8 way	Mitchell	arcade	horizontal	joy	8	3
othunder	Operation Wolf 2 : Operation Thunderbolt		1988	2	lightgun	Taito	arcade	horizontal	stick		2
outfxies	Out Foxies		1994	4	8 way	Namco	arcade	horizontal	joy	8	3
outrun	Out Run 1		1986	1	analog	SEGA	arcade	horizontal	paddle+pedal		1
OutRun 2006	Out Run 3 2006		2006	1	analog	SEGA	arcade	horizontal			
outzone	Out Zone		1990	2	8 way	Toaplan	arcade	vertical	joy	8	3
p47	P-47 1 : The Phantom Fighter		1988	2	8 way	Jaleco	arcade	horizontal	joy	8	2
p47aces	P-47 2 Aces		1995	2	8 way	Jaleco	arcade	horizontal	joy	8	5
pacland	Pac-Land		1984	2	4 way	Namco	arcade	horizontal	only_buttons		3
pacman	Pac-Man	puckman	1980	2	4 way	Midway	arcade	vertical	joy	4	
pacmania	Pac-Mania		1987	2	8 way	Namco	arcade	vertical	joy	8	3
pacnpal	Pac & Pal		1983	2	4 way	Namco	arcade	vertical	joy	4	1
pang	Pang		1989	2	4 way	Mitchell	arcade	horizontal	joy	4	2
paperboy	Paperboy		1984	1	analog	Atari	arcade	horizontal	stick		2
Paradroid	Paradroid		1985	1	8 way	Other	console	horizontal			
parodius	Parodius DA!		1990	2	8 way	Konami	arcade	horizontal	joy	8	3
pbobble	Puzzle Bobble 1		1994	4	8 way	Taito	arcade	horizontal	joy	8	3
pbobble2	Puzzle Bobble 2		1995	4	8 way	Taito	arcade	horizontal	joy+dial	8	4
pbobble3	Puzzle Bobble 3		1996	4	8 way	Taito	arcade	horizontal	joy+dial	8	4
pbobble4	Puzzle Bobble 4		1997	4	8 way	Taito	arcade	horizontal	joy+dial	8	4
pdrift	Power Drift		1988	1	analog	SEGA	arcade	horizontal	paddle+pedal		1
pengo	Pengo		1982	2	4 way	SEGA	arcade	vertical	joy	4	1
peterpak	Peter Pack Rat		1984	1	8 way	Atari	arcade	horizontal	joy	8	2
phelios	Phelios		1988	2	8 way	Namco	arcade	vertical	joy	8	3
phoenix	Phoenix		1980	2	4 way	Amstar	arcade	vertical	joy	2	2
Pilotwings	Pilotwings		1990	1	8 way	Nintendo	console	horizontal			
pinkswts	Pink Sweets: Ibara Sorekara		2006	2	8 way	Cave	arcade	vertical	joy	8	4
pirates	Pirates		1994	2	8 way	NIX	arcade	horizontal	joy	8	3
pitfall2	Pitfall 2		1985	2	8 way	SEGA	arcade	horizontal	joy	8	2
pitfight	Pit Fighter		1990	3	8 way	Atari	arcade	horizontal	joy	8	3
pleiads	Pleiads		1981	2	4 way	Tehkan	arcade	vertical	joy	2	1
Pocky Rocky I	Pocky Rocky I		1992	2	8 way	Nintendo	console	horizontal			
Pocky Rocky II	Pocky Rocky II		1994	2	8 way	Nintendo	console	horizontal			
polepos	Pole Position		1982	1	analog	Namco	arcade	horizontal	dial+pedal		1
polepos2	Pole Position 2		1983	1	analog	Namco	arcade	horizontal	dial+pedal		1
pooyan	Pooyan		1982	2	4 way	Konami	arcade	vertical	joy	vertical2	1
popeye	Popeye		1982	2	4 way	Nintendo	arcade	horizontal	joy	4	1
poundfor	Pound for Pound		1990	2	trackball	Irem	arcade	vertical	trackball		2
pow	P.O.W.: Prisoners of War		1988	2	8 way	SNK	arcade	horizontal	joy	8	3
prehisle	Prehistoric Isle 1 in 1930		1989	2	8 way	SNK	arcade	horizontal	joy	8	3
preisle2	Prehistoric Isle 2		1999	2	8 way	Neo Geo	arcade	horizontal	joy	8	4
primrage	Primal Rage		1994	2	8 way	Atari	arcade	horizontal	joy	8	4
progear	Progear		2001	2	8 way	Capcom	arcade	horizontal	joy	8	3
psychic5	Psychic 5		1987	2	8 way	Jaleco / NMK	arcade	vertical	joy	8	2
psychos	Psycho Soldier		1987	2	8 way	SNK	arcade	horizontal	joy	8	2
ptblank	Point Blank		1994	2	lightgun	Namco	arcade	horizontal	lightgun		1
pulstar	Pulstar		1995	2	8 way	Neo Geo	arcade	horizontal	joy	8	4
punchout	Punch-Out!!		1984	1	4 way	Nintendo	arcade	horizontal	joy	4	3
punisher	Punisher, The		1993	2	8 way	Capcom	arcade	horizontal	joy	8	2
puzzli2	Puzzli 2		1999	4	8 way	IGS (Metro license)	arcade	horizontal	joy	8	4
qbert	Q*bert		1982	2	8 way	Gottlieb	arcade	vertical	joy	4	
qix	Qix		1981	2	4 way	Taito	arcade	vertical	joy	4	2
quartet2	Quartet 2	quartet	1986	2	8 way	SEGA	arcade	horizontal	joy	8	3
R-Type III	R-Type III		1993	2	8 way	Nintendo	console	horizontal			
racedriv	Race Drivin'		1990	1	analog	Atari	arcade	horizontal	stick+paddle		
rackemup	Rack 'em Up		1987	2	8 way	Konami	arcade	vertical	joy	8	2
radarscp	Radar Scope		1980	2	4 way	Nintendo	arcade	vertical	joy	2	1
radm	Rad Mobile		1990	1	analog	SEGA	arcade	horizontal	paddle+pedal		2
raiden	Raiden 1		1990	2	8 way	Seibu Kaihatsu	arcade	vertical	joy	8	2
raidendx	Raiden 2 DX		1994	2	8 way	Seibu Kaihatsu	arcade	vertical	joy	8	3
rallybik	Rally Bike		1988	2	8 way	Toaplan	arcade	vertical	joy	8	2
rallyx	Rally X		1980	2	4 way	Namco	arcade	horizontal	joy	4	1
rambo3	Rambo 3		1989	2	8 way	Taito	arcade	horizontal	joy+trackball	8	2
rampage	Rampage 1		1986	3	8 way	Midway	arcade	horizontal	joy	8	2
rampart2p	Rampart	rampart	1990	3	8 way	Atari	arcade	horizontal	joy	8	2
raphero	Rapid Hero	arcadian	1994	2	8 way	NMK	arcade	vertical	joy	8	3
rastsaga	Rastan Saga	rastan	1987	2	8 way	Taito	arcade	horizontal	joy	8	2
raveracw	Rave Racer		1995	1	8 way	Namco	arcade	horizontal			
rbffspec	Real Bout Fatal Fury Special		1996	2	8 way	Neo Geo	arcade	horizontal	joy	8	4
rbisland	Rainbow Islands		1987	2	4 way	Taito	arcade	horizontal	joy	2	2
rdft	Raiden Fighters 1		1996	2	8 way	Seibu Kaihatsu (Tuning license)	arcade	vertical	joy	8	3
rdft2	Raiden Fighters 2: Operation Hell Dive		1997	2	8 way	Seibu Kaihatsu (Tuning license)	arcade	vertical	joy	8	2
redearth	Red Earth		1996	2	8 way	Capcom	arcade	horizontal	joy	8	6
renegade	Renegade		1986	2	8 way	Technos	arcade	horizontal	joy	8	3
Revenge of Shinobi	Revenge of Shinobi		1989	1	8 way	SEGA	console	horizontal			
revx	Revolution X		1994	3	lightgun	Midway	arcade	horizontal	stick		2
rezon	Rezon		1992	2	8 way	Allumer	arcade	horizontal	joy	8	3
rfjet	Raiden Fighters 3 Jet		1998	2	8 way	Seibu Kaihatsu (Tuning license)	arcade	vertical	joy	8	2
ridgera2	Ridge Racer 2		1994	1	8 way	Namco	arcade	horizontal	joy+paddle	8	3
ridgerac	Ridge Racer 1		1993	1	8 way	Namco	arcade	horizontal	joy+paddle	8	3
ringdest	Ring of Destruction: Slammasters 2		1994	2	8 way	Capcom	arcade	horizontal	joy	8	6
riot	Riot		1992	2	8 way	Tecmo (NMK license)	arcade	horizontal	joy	8	3
riotcity	Riot City		1991	2	8 way	SEGA	arcade	horizontal	joy	8	3
rmpgwt	Rampage 2 : World Tour		1997	3	8 way	Midway	arcade	horizontal	joy	8	3
Road Rash (1994)(Electronic Arts)(Eu)[CDD4431]	Road Rash		1994	1	analog	Other	console	horizontal			
roadblst	Road Blasters		1987	1	analog	Atari	arcade	horizontal	stick+pedal		3
roadf	Road Fighter		1984	2	8 way	Konami	arcade	vertical	joy	8	2
roadrunn	Road Runner		1985	1	analog	Atari	arcade	horizontal	stick		2
roboarmy	Robo Army		1991	2	8 way	Neo Geo	arcade	horizontal	joy	8	4
robocop	Robocop 1		1988	2	8 way	Data East	arcade	horizontal	joy	8	2
robocop2	Robocop 2		1991	2	8 way	Data East	arcade	horizontal	joy	8	3
robotron	Robotron: 2084		1982	1	twin stick	Williams	arcade	horizontal	doublejoy	8	
Rocket Knight Adventures	Rocket Knight Adventures		1993	1	8 way	SEGA	console	horizontal			
rocnrope	Roc'n Rope		1983	2	4 way	Konami	arcade	vertical	joy	4	2
rodland	Rod-Land		1990	2	8 way	Jaleco	arcade	horizontal	joy	8	2
rohga	Rohga Armor Force		1991	2	8 way	Data East	arcade	horizontal	joy	8	3
rotd	Rage of the Dragons		2002	2	8 way	Neo Geo	arcade	horizontal	joy	8	4
rpunch	Rabbit Punch	rabiolep	1987	2	8 way	Midway	arcade	horizontal	joy	8	2
rsgun	Radiant Silvergun		1998	4	8 way	Treasure	arcade	horizontal	joy	8	4
rthun2	Rolling Thunder 2		1990	2	8 way	Namco	arcade	horizontal	joy	8	3
rthunder	Rolling Thunder 1		1986	2	4 way	Namco	arcade	horizontal	joy	4	2
rtype	R-Type 1		1987	2	8 way	Irem	arcade	horizontal	joy	8	4
rtype2	R-Type 2		1989	2	8 way	Irem	arcade	horizontal	joy	8	4
rtypeleo	R-Type 3 Leo		1992	2	8 way	Irem	arcade	horizontal	joy	8	2
rungun	Run & Gun 1		1993	4	8 way	Konami	arcade	horizontal	joy	8	3
rungun2	Run & Gun 2		1996	4	8 way	Konami	arcade	horizontal	joy	8	3
rvschool	Rival Schools: United By Fate		1997	2	8 way	Capcom	arcade	horizontal	joy	8	6
rygar	Rygar		1986	2	8 way	Tecmo	arcade	horizontal	joy	8	2
s1945	Strikers 1945 1		1995	2	8 way	Psikyo	arcade	vertical	joy	8	3
s1945ii	Strikers 1945 2		1997	2	8 way	Psikyo	arcade	vertical	joy	8	2
s1945iii	Strikers 1945 3		1999	2	8 way	Psikyo	arcade	vertical	joy	8	3
s1945p	Strikers 1945 Plus		1999	2	8 way	Neo Geo	arcade	horizontal	joy	8	4
sailormn	Sailor Moon		1995	2	8 way	Gazelle (Banpresto license)	arcade	horizontal	joy	8	3
salamand	Salamander 1		1986	2	8 way	Konami	arcade	horizontal	joy	8	2
salmndr2	Salamander 2		1996	4	8 way	Konami	arcade	horizontal	joy	8	3
samsh5sp	Samurai Shodown V Special		2004	2	8 way	Neo Geo	arcade	horizontal	joy	8	4
samsho	Samurai Shodown 1		1993	2	8 way	Neo Geo	arcade	horizontal	joy	8	4
samsho2	Samurai Shodown 2		1994	2	8 way	Neo Geo	arcade	horizontal	joy	8	4
samsho3	Samurai Shodown 3		1995	2	8 way	Neo Geo	arcade	horizontal	joy	8	4
samsho4	Samurai Shodown 4: Amakusa's Revenge		1996	2	8 way	Neo Geo	arcade	horizontal	joy	8	4
samsho5	Samurai Shodown 5		2003	2	8 way	Neo Geo	arcade	horizontal	joy	8	4
savagere	Savage Reign		1995	2	8 way	Neo Geo	arcade	horizontal	joy	8	4
sbagman	Super Bagman		1984	2	4 way	Valadon Automation	arcade	vertical	joy	4	2
sbomber	Space Bomber		1998	2	8 way	Psikyo	arcade	vertical	joy	8	2
sci	Special Criminal Investigation		1989	1	analog	Taito	arcade	horizontal	paddle		5
scobra	Super Cobra		1981	2	8 way	Konami	arcade	vertical	joy	8	2
scontra	Super Contra		1988	2	8 way	Konami	arcade	vertical	joy	8	2
scramble	Scramble		1981	2	8 way	Konami	arcade	vertical	joy	8	2
scross	Stadium Cross		1992	2	8 way	SEGA	arcade	horizontal	paddle+pedal		3
scudp	Scud Racer		1996	1	analog	SEGA	arcade	horizontal			
sdi	Strategic Defense Initiative		1987	2	trackball	SEGA	arcade	horizontal	joy+trackball	8	1
sdodgeb	Super Dodge Ball		1996	2	8 way	Neo Geo	arcade	horizontal	joy	8	4
searchar	SAR: Search & Rescue		1989	2	8 way	SNK	arcade	vertical	joy+positional	8	2
sectionz	Section Z		1985	2	8 way	Capcom	arcade	horizontal	joy	8	2
seganinj	Sega Ninja		1985	2	8 way	SEGA	arcade	horizontal	joy	8	3
sengekis	Sengeki Striker		1997	2	8 way	Kaneko / Warashi	arcade	vertical	joy	8	3
sengoku	Sengoku 1 Denshou		1991	2	8 way	Neo Geo	arcade	horizontal	joy	8	4
sengoku2	Sengoku 2 Denshou 2		1993	2	8 way	Neo Geo	arcade	horizontal	joy	8	4
sengoku3	Sengoku 3		2001	2	8 way	Neo Geo	arcade	horizontal	joy	8	4
sexyparo	Sexy Parodius		1996	4	8 way	Konami	arcade	horizontal	joy	8	3
sf	Street Fighter 1		1987	2	8 way	Capcom	arcade	horizontal	joy	8	6
sf2	Street Fighter 2 1st : The World Warrior		1991	2	8 way	Capcom	arcade	horizontal	joy	8	6
sf2ce	Street Fighter 2 2nd : Champion Edition		1992	2	8 way	Capcom	arcade	horizontal	joy	8	6
sf2hf	Street Fighter 2 3rd : Hyper Fighting		1992	2	8 way	Capcom	arcade	horizontal	joy	8	6
sfa	Street Fighter 2 Alpha 1: Warriors' Dreams		1995	2	8 way	Capcom	arcade	horizontal	joy	8	6
sfa2	Street Fighter 2 Alpha 2		1996	2	8 way	Capcom	arcade	horizontal	joy	8	6
sfa3	Street Fighter 2 Alpha 3		1998	2	8 way	Capcom	arcade	horizontal	joy	8	6
sfa3ud	Street Fighter 2 Alpha 3 Mix	sfa3	1998	2	8 way	Capcom	arcade	horizontal	joy	8	6
sfex	Street Fighter 5 EX1		1996	2	8 way	Capcom	arcade	horizontal	joy	8	6
sfex2	Street Fighter 5 EX2		1998	2	8 way	Capcom	arcade	horizontal	joy	8	6
sfiii2n	Street Fighter 3 III 2nd Impact: Giant Attack	sfiii2	1997	2	8 way	Capcom	arcade	horizontal	joy	8	6
sfiii3n	Street Fighter 3 III 3rd Strike: Fight for the Future	sfiii3	1999	2	8 way	Capcom	arcade	horizontal	joy	8	6
sfiiin	Street Fighter 3 III 1st: New Generation	sfiii	1997	2	8 way	Capcom	arcade	horizontal	joy	8	6
sfposeid	Poseidon		1984	2	8 way	Taito	arcade	horizontal	joy	8	2
sfrush	San Francisco Rush		1996	1	analog	Atari	arcade	horizontal	paddle+pedal		13
sftm	Street Fighter 4 The Movie		1995	2	8 way	Capcom	arcade	horizontal	joy	8	6
sgemf	Super Gem Fighter Mini Mix		1997	2	8 way	Capcom	arcade	horizontal	joy	8	3
sgunner	Steel Gunner		1990	2	lightgun	Namco	arcade	horizontal	lightgun		2
sgunner2	Steel Gunner 2		1991	2	lightgun	Namco	arcade	horizontal	lightgun		2
shadfrce	Shadow Force		1993	2	8 way	Technos	arcade	horizontal	joy	8	6
shadowld	Shadowland		1987	2	8 way	Namco	arcade	horizontal	joy	8	3
shangon	Super Hang-On (sitdown/upright)		1987	1	analog	SEGA	arcade	horizontal	paddle+pedal		1
sharrier	Space Harrier		1985	1	analog	SEGA	arcade	horizontal	stick		3
shdancer	Shadow Dancer		1989	2	8 way	SEGA	arcade	horizontal	joy	8	3
shienryu	Shienryu		1997	4	8 way	Warashi	arcade	vertical	joy	8	4
shinobi	Shinobi (set 6, System 16A)		1987	2	8 way	SEGA	arcade	horizontal	joy	8	3
Shinobi III	Shinobi III		1993	1	8 way	SEGA	console	horizontal			
shocktr2	Shock Troopers 2 : 2nd Squad		1998	2	8 way	Neo Geo	arcade	horizontal	joy	8	4
shocktro	Shock Troopers 1		1997	2	8 way	Neo Geo	arcade	horizontal	joy	8	4
shollow	Satan's Hollow		1981	2	4 way	Midway	arcade	vertical	joy	2	2
sidearms	Side Arms: Hyper Dyne		1986	2	8 way	Capcom	arcade	horizontal	joy	8	3
sidepckt	Side Pocket		1986	2	8 way	Data East	arcade	horizontal	joy	8	2
silentd	Silent Dragon		1992	4	8 way	Taito	arcade	horizontal	joy	8	3
silkworm	Silk Worm		1988	2	8 way	Tecmo	arcade	horizontal	joy	8	3
simpsons	Simpsons, The		1991	4	8 way	Konami	arcade	horizontal	joy	8	2
simpsons2p	Simpsons, The	simpsons	1991	2	8 way	Konami	arcade	horizontal	joy	8	2
sinistar	Sinistar		1982	1	analog	Williams	arcade	vertical	stick		2
slammast	Saturday Night Slam Masters		1993	4	8 way	Capcom	arcade	horizontal	joy	8	3
slapfigh	Slap Fight	alcon	1986	2	8 way	Toaplan	arcade	vertical	joy	8	2
slipstrm	Slip Stream		1995	1	analog	Capcom	arcade	horizontal	paddle+pedal		1
slyspy	Sly Spy	secretag	1989	2	8 way	Data East	arcade	horizontal	joy	8	2
smashtv	Smash T.V.		1990	2	twin stick	Williams	arcade	horizontal	doublejoy	8	
smgp	Super Monaco GP (World, Rev B)		1989	1	analog	SEGA	arcade	horizontal	paddle+pedal		2
snowbro2	Snow Bros. 2: With New Elves		1994	4	8 way	Toaplan	arcade	horizontal	joy	8	2
snowbros	Snow Bros. 1: Nick & Tom		1990	2	8 way	Toaplan	arcade	horizontal	joy	8	3
socbrawl	Soccer Brawl		1991	2	8 way	Neo Geo	arcade	horizontal	joy	8	4
sokyugrt	Terra Driver		1996	4	8 way	Raizing	arcade	horizontal	joy	8	4
soldivid	Sol Divide: The Sword Of Darkness		1997	2	8 way	Psikyo	arcade	horizontal	joy	8	3
solomon	Solomon's Key		1986	2	8 way	Tecmo	arcade	horizontal	joy	8	2
Sonic CD	Sonic CD		1993	1	8 way	SEGA	console	horizontal			
Sonic The Hedgehog I	Sonic The Hedgehog I		1991	1	8 way	SEGA	console	horizontal			
Sonic The Hedgehog II	Sonic The Hedgehog II		1992	2	8 way	SEGA	console	horizontal			
Sonic The Hedgehog III	Sonic The Hedgehog III		1994	2	8 way	SEGA	console	horizontal			
sonicwi2	Aero Fighters 2		1994	2	8 way	Neo Geo	arcade	horizontal	joy	8	4
sonicwi3	Aero Fighters 3		1995	2	8 way	Neo Geo	arcade	horizontal	joy	8	4
sonson	Son Son		1984	2	4 way	Capcom	arcade	horizontal	joy	4	1
Soul Calibur	Soul Calibur		1999	2	8 way	SEGA	console	horizontal			
Soul Calibur II	Soul Calibur II		2002	2	8 way	Other	console	horizontal			
soulclbr	Soul Calibur		1998	2	8 way	Namco	arcade	horizontal	joy	8	6
Space Ace	Space Ace		1983	1	4 way	Cinematronics	arcade	horizontal	joy	8	1
spacedx	Space Invaders 3 DX		1994	4	8 way	Taito	arcade	horizontal	joy	8	3
spacegun	Space Gun		1990	2	lightgun	Taito	arcade	horizontal	stick		3
spang	Super Pang		1990	2	4 way	Capcom	arcade	horizontal	joy	4	2
spcinv95	Space Invaders 4 95: The Attack Of Lunar Loonies		1995	4	8 way	Taito	arcade	vertical	joy+dial	8	4
spelunk2	Spelunker 2: 23 no Kagi		1986	2	8 way	Irem	arcade	horizontal	joy	8	2
spf2t	Super Puzzle Fighter II Turbo		1996	2	8 way	Capcom	arcade	horizontal	joy	8	2
spiders	Spiders		1981	2	4 way	Sigma Enterprises Inc.	arcade	vertical	joy	2	1
spidman	Spider-Man: The Videogame		1991	4	8 way	SEGA	arcade	horizontal	joy	8	2
spinlbrk	Spinal Breakers		1990	2	8 way	V-System Co.	arcade	horizontal	joy	8	3
spinmast	Spin Master		1993	2	8 way	Neo Geo	arcade	horizontal	joy	8	4
splatter	Splatter House (World, new version		1988	2	8 way	Namco	arcade	horizontal	joy	8	3
spnchout	Super Punch-Out!!		1984	1	4 way	Nintendo	arcade	horizontal	joy	4	4
spy	S.P.Y.: Special Project Y		1989	2	8 way	Konami	arcade	horizontal	joy	8	2
spyhunt	Spy Hunter		1983	1	analog	Midway	arcade	vertical	paddle+pedal		5
sqix	Super Qix		1987	2	4 way	Taito	arcade	vertical	joy	4	2
srally2	Sega Rally 2		1998	1	analog	SEGA	arcade	horizontal	paddle+pedal		8
srallyc	Sega Rally 1 Championship - Twin/DX		1995	1	analog	SEGA	arcade	horizontal	paddle+pedal		6
srumbler	Speed Rumbler, The		1986	2	8 way	Capcom	arcade	vertical	joy	8	2
ssf2	Street Fighter 2 4th : Super Street Fighter 2 New Challengers		1993	2	8 way	Capcom	arcade	horizontal	joy	8	6
ssf2t	Street Fighter 2 5th : Super Street Fighter 2 Turbo		1994	2	8 way	Capcom	arcade	horizontal	joy	8	6
ssf2xj	Street Fighter 2 6th : Super Street Fighter 2 X: Grand Master Challenge	ssf2t	1994	2	8 way	Capcom	arcade	horizontal	joy	8	6
ssi	Super Space Invaders '91		1990	2	8 way	Taito	arcade	vertical	joy	8	2
ssideki3	Super Sidekicks 3: The Next Glory		1995	2	8 way	Neo Geo	arcade	horizontal	joy	8	4
ssprint	Super Sprint		1986	3	analog	Atari	arcade	horizontal	dial+pedal		
ssriders	Sunset Riders		1991	4	8 way	Konami	arcade	horizontal	joy	8	2
ssridersabd	Sunset Riders	ssriders	1991	2	8 way	Konami	arcade	horizontal	joy	8	2
sstriker	Sorcer Striker		1993	2	8 way	Raizing	arcade	vertical	joy	8	3
Star Fox 64	Star Fox 64		1987	1	analog	Nintendo	console	horizontal			
Star Fox Assault	Star Fox Assault		2005	1	analog	Other	console	horizontal			
starblad	Starblade		1991	1	analog	Namco	arcade	horizontal	stick		4
starforc	Star Force		1984	2	8 way	Tehkan	arcade	vertical	joy	8	1
stargate	Stargate		1981	1	4 way	Williams	arcade	horizontal	joy	vertical2	6
starglad	Star Gladiator Episode I: Final Crusade		1996	2	8 way	Capcom	arcade	horizontal	joy	8	6
startrek	Star Trek		1982	1	analog	SEGA	arcade	horizontal	dial		4
starwars	Star Wars 1		1983	1	analog	Atari	arcade	horizontal	stick		4
stmblade	Storm Blade		1996	2	8 way	Visco	arcade	vertical	joy	8	3
Street Fighter Alpha 3 MAX	Street Fighter 2 Alpha 3 MAX		2006	2	8 way	Capcom	console	horizontal			
Streets Of Rage I	Streets Of Rage I		1991	2	8 way	SEGA	console	horizontal			
Streets Of Rage II	Streets Of Rage II		1992	2	8 way	SEGA	console	horizontal			
Streets Of Rage III	Streets of Rage III		1994	2	8 way	SEGA	console	horizontal			
streetsm	Street Smart		1989	2	8 way	SNK	arcade	horizontal	joy	8	3
strhoop	Street Hoop / Street Slam / Dunk Dream		1994	2	8 way	Neo Geo	arcade	horizontal	joy	8	4
strider	Strider		1989	2	8 way	Capcom	arcade	horizontal	joy	8	3
strider2	Strider 2		1999	4	8 way	Capcom	arcade	horizontal	joy	8	3
strkfgtr	Strike Fighter		1991	1	analog	SEGA	arcade	horizontal	stick		3
strkforc	Strike Force		1991	2	8 way	Midway	arcade	horizontal	joy	8	3
stunrun	S.T.U.N. Runner		1989	1	analog	Atari	arcade	horizontal	stick		2
subroc3d	Subroc-3D		1982	1	8 way	SEGA	arcade	horizontal	joy	8	1
Super Castlevania IV	Super Castlevania IV		1991	1	8 way	Nintendo	console	horizontal			
Super Ghouls n Ghosts	Super Ghouls n Ghosts		1991	1	8 way	Nintendo	console	horizontal			
Super Mario 64	Super Mario 64		1996	1	analog	Nintendo	console	horizontal			
Super Mario All Stars	Super Mario All Stars		1993	1	8 way	Nintendo	console	horizontal			
Super Mario Kart	Super Mario Kart		1992	1	8 way	Nintendo	console	horizontal			
Super Mario Strikers	Super Mario Strikers		2005	2	analog	Nintendo	console	horizontal			
Super Mario Sunshine	Super Mario Sunshine		2002	1	analog	Nintendo	console	horizontal			
Super Mario World 1	Super Mario World 1		1990	1	8 way	Nintendo	console	horizontal			
Super Mario World 2	Super Mario World 2		1995	1	8 way	Nintendo	console	horizontal			
Super Metroid	Super Metroid		1994	1	8 way	Nintendo	console	horizontal			
Super Punch-Out!!	Super Punch-Out!!		1994	1	8 way	Nintendo	console	horizontal			
Super Star Wars	Super Star Wars		1992	1	8 way	Nintendo	console	horizontal			
Super Star Wars II	Super Star Wars II		1993	1	8 way	Nintendo	console	horizontal			
Super Star Wars III	Super Star Wars III		1994	1	8 way	Nintendo	console	horizontal			
superchs	Super Chase - Criminal Termination		1992	1	analog	Taito	arcade	horizontal	paddle+pedal		3
superman	Superman		1988	2	8 way	Taito	arcade	horizontal	joy	8	2
superpac	Super Pac-Man		1982	2	4 way	Namco	arcade	vertical	joy	4	1
superspy	Super Spy		1990	2	8 way	Neo Geo	arcade	horizontal	joy	8	4
svc	SNK vs. Capcom: SVC Chaos		2003	2	8 way	Neo Geo	arcade	horizontal	joy	8	4
svg	Spectral vs Generation		2005	4	8 way	IGS / Idea Factory	arcade	horizontal	joy	8	4
swatpolc	SWAT Police		2001	2	8 way	ESD	arcade	horizontal	joy	8	3
swimmer	Swimmer		1982	2	8 way	Tehkan	arcade	horizontal	joy	8	1
szaxxon	Super Zaxxon		1982	2	8 way	SEGA	arcade	vertical	joy	8	1
tacscan	Tac/Scan		1982	1	analog	SEGA	arcade	vertical	dial		2
tankfrce	Tank Force		1991	2	8 way	Namco	arcade	horizontal	joy	8	3
tapper	Tapper		1983	2	4 way	Midway	arcade	horizontal	joy	4	1
tattass	Tattoo Assassins		1994	2	8 way	Data East	arcade	horizontal	joy	8	6
tbowl	Tecmo Bowl		1987	4	8 way	Tecmo	arcade	horizontal	joy	8	2
teddybb	TeddyBoy Blues		1985	2	8 way	SEGA	arcade	horizontal	joy	8	2
tehkanwc	Tehkan World Cup		1985	2	8 way	Tehkan	arcade	horizontal	trackball		1
tekken	Tekken 1		1994	2	8 way	Namco	arcade	horizontal	joy	8	4
Tekken 5	Tekken 5		2004	2	8 way	Namco	arcade	horizontal			
tekken2	Tekken 2 Ver.B		1996	2	8 way	Namco	arcade	horizontal	joy	8	4
tekken3	Tekken 3		1996	2	8 way	Namco	arcade	horizontal	joy	8	4
tektagt	Tekken Tag Tournament		1999	2	8 way	Namco	arcade	horizontal	joy	8	6
tempest	Tempest		1980	2	analog	Atari	arcade	vertical	dial		2
tengai	Tengai		1996	2	8 way	Psikyo	arcade	horizontal	joy	8	3
term2	Terminator 2: Judgment Day		1991	2	lightgun	Midway	arcade	horizontal	stick		2
terracre	Terra Cresta		1985	2	8 way	Nichibutsu	arcade	vertical	joy	8	2
terraf	Terra Force		1987	2	8 way	Nichibutsu	arcade	horizontal	joy	8	3
tgm2p	Tetris The Absolute: The Grand Master 2 Plus	tgm2	2000	2	4 way	Arika	arcade	horizontal	joy	4	3
tharrier	Task Force Harrier		1989	2	8 way	UPL	arcade	vertical	joy	8	3
thedeep	The Deep		1987	2	8 way	Woodplace Inc.	arcade	vertical	joy	8	2
theglad	Gladiator, The		2003	4	8 way	IGS	arcade	horizontal	joy	8	4
thndrbld	Thunder Blade (upright)		1987	1	analog	SEGA	arcade	horizontal	stick		2
thunderj	ThunderJaws		1990	2	8 way	Atari	arcade	horizontal	joy	8	2
thundfox	Thunder Fox		1990	2	8 way	Taito	arcade	horizontal	joy	8	3
tigerh	Tiger-Heli		1985	2	8 way	Toaplan	arcade	vertical	joy	8	2
tigeroad	Tiger Road		1987	2	8 way	Capcom	arcade	horizontal	joy	8	2
timber	Timber		1984	2	4 way	Midway	arcade	horizontal	joy	4	2
timecris	Time Crisis		1996	1	lightgun	Namco	arcade	horizontal	lightgun		2
timekill	Time Killers		1992	2	8 way	Strata / Incredible Technologies	arcade	horizontal	joy	8	5
timeplt	Time Pilot 1		1982	2	8 way	Konami	arcade	vertical	joy	8	1
timesold	Time Soldiers		1987	2	twin stick	SNK	arcade	vertical	joy+positional	8	2
tmnt	Teenage Mutant Ninja Turtles 1		1989	4	8 way	Konami	arcade	horizontal	joy	8	2
tmnt2	Teenage Mutant Ninja Turtles 2 : Turtles in Time		1991	4	8 way	Konami	arcade	horizontal	joy	8	2
tmnt22pu	Teenage Mutant Ninja Turtles 2 : Turtles in Time	tmnt2	1991	2	8 way	Konami	arcade	horizontal	joy	8	2
tmnt2po	Teenage Mutant Ninja Turtles 1	tmnt	1989	2	8 way	Konami	arcade	horizontal	joy	8	2
tndrcade	Thundercade		1987	2	8 way	Taito	arcade	vertical	joy	8	2
tnk3	T.N.K 3		1985	2	twin stick	SNK	arcade	vertical	joy+positional	8	2
tnzs	New Zealand Story (World, new version), The		1988	2	8 way	Taito	arcade	horizontal	joy	8	2
tokib	Toki	toki	1990	2	8 way	bootleg (Datsu)	arcade	horizontal	joy	8	2
tokio	Tokio		1986	2	8 way	Taito	arcade	vertical	joy	8	2
toobin	Toobin'		1988	2	buttons only	Atari	arcade	vertical	only_buttons		5
tophuntr	Top Hunter: Roddy & Cathy		1994	2	8 way	Neo Geo	arcade	horizontal	joy	8	4
totcarn	Total Carnage		1992	2	twin stick	Midway	arcade	horizontal	doublejoy	8	
toutrun3	Turbo Out Run (cockpit)	toutrun	1989	1	analog	SEGA	arcade	horizontal	paddle+pedal		2
tp84	Time Pilot 2 '84		1984	2	8 way	Konami	arcade	vertical	joy	8	2
trackfld	Track & Field		1983	4	buttons only	Konami	arcade	horizontal	only_buttons		3
trally	Thrash Rally		1991	2	8 way	Neo Geo	arcade	horizontal	joy	8	4
travrusa	Zippy Race Traverse USA		1983	2	4 way	Irem	arcade	vertical	joy	2	2
troangel	Tropical Angel		1983	2	4 way	Irem	arcade	horizontal	joy	2	2
trog	Trog		1990	4	4 way	Midway	arcade	horizontal	joy	4	1
trojan	Trojan		1986	2	8 way	Capcom	arcade	horizontal	joy	8	2
tron	Tron		1982	2	8 way	Midway	arcade	vertical	joy+dial	8	1
truxton	Truxton 1		1988	2	8 way	Toaplan	arcade	vertical	joy	8	2
truxton2	Truxton 2		1992	2	8 way	Toaplan	arcade	vertical	joy	8	3
tshoot	Turkey Shoot		1984	1	lightgun	Williams	arcade	horizontal	stick		3
tumblep	Tumble Pop		1991	2	8 way	Data East	arcade	horizontal	joy	8	2
turbo	Turbo		1981	1	analog	SEGA	arcade	vertical	dial+pedal		1
turfmast	Neo Turf Masters		1996	2	8 way	Neo Geo	arcade	horizontal	joy	8	4
tutankhm	Tutankham		1982	2	4 way	Konami	arcade	vertical	doublejoy	2	2
twincobr	Twin Cobra		1987	2	8 way	Toaplan	arcade	vertical	joy	8	2
twineag2	Twin Eagle 2: The Rescue Mission		1994	2	8 way	Seta	arcade	vertical	joy	8	3
twineagl	Twin Eagle 1: Revenge Joe's Brother		1988	2	8 way	Taito	arcade	vertical	joy	8	2
twocrude	Two Crude	cbuster	1990	2	8 way	Data East	arcade	horizontal	joy	8	3
uccops	Undercover Cops		1992	3	8 way	Irem	arcade	horizontal	joy	8	2
Ultimate Ghosts N Goblins	Ultimate Ghosts N Goblins		2006	1	8 way	Capcom	console	horizontal			
Ultra Street Fighter IV	Ultra Street Fighter 4 ZZ IV		2008	2	8 way	Capcom	arcade	horizontal			
ultrax	Ultra X Weapons		1995	2	8 way	Banpresto / Tsuburaya Productions / Seta	arcade	vertical	joy	8	3
umk3	Mortal Kombat 4 : Ultimate Mortal Kombat 3		1994	2	8 way	Midway	arcade	horizontal	joy	8	6
Under Defeat	Under Defeat		2005	2	analog	SEGA	console	horizontal			
unsquad	U.N. Squadron		1989	2	8 way	Capcom	arcade	horizontal	joy	8	3
upndown	Up'n Down		1983	2	8 way	SEGA	arcade	vertical	joy	8	1
Uridium	Uridium		1986	1	8 way	Other	console	horizontal			
vanguard	Vanguard		1981	2	8 way	SNK	arcade	vertical	joy	8	4
vaportrau	Vapor Trail: Hyper Offence Formation	vaportra	1989	2	8 way	Data East	arcade	vertical	joy	8	2
varth	Varth: Operation Thunderstorm		1992	2	8 way	Capcom	arcade	vertical	joy	8	3
vasara	Vasara 1		2000	2	8 way	Visco	arcade	vertical	joy	8	3
vasara2	Vasara 2		2001	2	8 way	Visco	arcade	vertical	joy	8	3
vendetta2pw	Vendetta	vendetta	1991	2	8 way	Konami	arcade	horizontal	joy	8	2
vf	Virtua Fighter		1993	2	8 way	SEGA	arcade	horizontal	joy	8	3
vf2	Virtua Fighter 2		1994	2	8 way	SEGA	arcade	horizontal	joy	8	3
victroad	Victory Road		1986	2	8 way	SNK	arcade	vertical	joy+positional	8	2
viewpoin	Viewpoint		1992	2	8 way	Neo Geo	arcade	horizontal	joy	8	4
vigilanto	Vigilante	vigilant	1988	2	8 way	Irem	arcade	horizontal	joy	8	2
vimana	Vimana		1991	2	8 way	Toaplan	arcade	vertical	joy	8	2
vindictr	Vindicators		1988	2	8 way	Atari	arcade	horizontal	doublejoy	vertical2	4
viostorm	Violent Storm		1993	4	8 way	Konami	arcade	horizontal	joy	8	3
viprp1	Viper Phase 1		1995	2	8 way	Seibu Kaihatsu	arcade	vertical	joy	8	3
vr	Virtua Racing		1992	1	analog	SEGA	arcade	horizontal	paddle+pedal		6
vsav	Vampire Savior 1: The Lord of Vampire		1997	2	8 way	Capcom	arcade	horizontal	joy	8	6
vsav2	Vampire Savior 2: The Lord of Vampire		1997	2	8 way	Capcom	arcade	horizontal	joy	8	6
vulgus	Vulgus		1984	2	8 way	Capcom	arcade	vertical	joy	8	2
wakuwak7	Waku Waku 7		1996	2	8 way	Neo Geo	arcade	horizontal	joy	8	4
wardner	Wardner		1987	2	8 way	Toaplan	arcade	horizontal	joy	8	2
warlords	Warlords		1980	4	analog	Atari	arcade	horizontal	paddle		1
warriorb	Warrior Blade - Rastan Saga Episode III		1991	2	8 way	Taito	arcade	horizontal	joy	8	3
waterski	Water Ski		1983	2	4 way	Taito	arcade	vertical	joy	2	2
Wave Race 64	Wave Race 64		1996	1	analog	Nintendo	console	horizontal			
Wave Race Blue Storm	Wave Race Blue Storm		2001	1	analog	Nintendo	console	horizontal			
Way of the Exploding Fists	Way of the Exploding Fists		1985	2	8 way	Other	console	horizontal			
wb3	Wonder Boy 3: Monster Lair (set 6, World, System 16B)		1988	2	8 way	SEGA	arcade	horizontal	joy	8	3
wbmlvcd	Wonder Boy 2 in Monster Land	wbml	2009	2	8 way	SEGA	arcade	horizontal	joy	8	2
wboy	Wonder Boy 1		1986	2	4 way	SEGA	arcade	horizontal	joy	2	2
wcbowldx	World Class Bowling Deluxe	wcbowl	1999	2	trackball	Incredible Technologies	arcade	horizontal	trackball		2
wecleman	WEC Le Mans 24		1986	1	analog	Konami	arcade	horizontal	paddle+pedal		2
wh1	World Heroes		1992	2	8 way	Neo Geo	arcade	horizontal	joy	8	4
whp	World Heroes Perfect		1995	2	8 way	Neo Geo	arcade	horizontal	joy	8	4
Wild Guns	Wild Guns		1994	2	8 way	Nintendo	console	horizontal			
wildfang	Wild Fang		1989	2	8 way	Tecmo	arcade	horizontal	joy	8	3
willow	Willow		1989	2	8 way	Capcom	arcade	horizontal	joy	8	3
WipEout Pulse	WipEout Pulse		2007	1	analog	Other	console	horizontal			
wizdfire	Wizard Fire		1992	2	8 way	Data East	arcade	horizontal	joy	8	2
wjammers	Windjammers		1994	2	8 way	Neo Geo	arcade	horizontal	joy	8	4
wof	Warriors of Fate		1992	3	8 way	Capcom	arcade	horizontal	joy	8	2
wow	Wizard of Wor		1980	2	8 way	Midway	arcade	horizontal	joy	8	2
wrally	World Rally 1		1993	2	8 way	Gaelco	arcade	horizontal	joy+dial	8	2
wrally2	World Rally 2: Twin Racing		1995	2	8 way	Gaelco	arcade	horizontal	joy+paddle	8	2
wwfmania	WWF: Wrestlemania		1995	2	8 way	Midway	arcade	horizontal	joy	8	5
wwfsstar	WWF Superstars		1989	2	8 way	Technos	arcade	horizontal	joy	8	2
wwfwfest	WWF WrestleFest		1991	4	8 way	Technos	arcade	horizontal	joy	8	2
Xenocrisis	Xenocrisis		1998	2	8 way	SEGA	console	horizontal			
xenophob	Xenophobe		1987	3	8 way	Midway	arcade	horizontal	joy	8	3
xevi3dg	Xevious 3D/G		1995	4	8 way	Namco	arcade	horizontal	joy	8	3
xevious	Xevious		1982	2	8 way	Namco	arcade	vertical	joy	8	2
xexexj	Xexex	xexex	1991	2	8 way	Konami	arcade	horizontal	joy	8	2
xmcota	X-Men Children of the Atom		1994	2	8 way	Capcom	arcade	horizontal	joy	8	6
xmenu	X-Men	xmen	1992	4	8 way	Konami	arcade	horizontal	joy	8	3
xmultipl	X Multiply		1989	2	8 way	Irem	arcade	horizontal	joy	8	4
xmvsf	X-Men Vs. Street Fighter		1996	2	8 way	Capcom	arcade	horizontal	joy	8	6
xsleena	Xain'd Sleena		1986	2	8 way	Technos	arcade	horizontal	joy	8	2
xybots	Xybots		1987	2	8 way	Atari	arcade	horizontal	joy	8	3
yiear	Yie Ar Kung-Fu		1985	2	8 way	Konami	arcade	horizontal	joy	8	3
zaxxon	Zaxxon		1982	2	8 way	SEGA	arcade	vertical	joy	8	1
Zero Gunner 2	Zero Gunner 2		2001	2	analog	SEGA	console	horizontal			
zerowing	Zero Wing		1989	2	8 way	Toaplan	arcade	horizontal	joy	8	2
Zombies Ate My Neighbors	Zombies Ate My Neighbors		1993	2	8 way	Nintendo	console	horizontal			
zombraid	Zombie Raid		1995	2	lightgun	American Sammy	arcade	horizontal	lightgun		2
zookeep	Zoo Keeper		1982	2	4 way	Taito	arcade	horizontal	joy	4	1
